0,1.5,0,1.5,0,-0,0,0,0,0,0,0,0
0,1.5,0,1.5,0,-0,0,0,0,0,0,0,0
0.02002,1.5,1.8812e-07,1.5,1.2541e-07,-3.537e-12,2.8204e-05,9.4012e-06,0,-1.7694e-10,0.0028175,0.00093918,0
0.04004,1.5,1.5027e-06,1.5,1.0018e-06,-1.1279e-10,0.00011259,3.7529e-05,0,-2.8226e-09,0.0056181,0.0018727,0
0.06006,1.5,5.0639e-06,1.5,3.376e-06,-8.535e-10,0.00025282,8.4272e-05,0,-1.4246e-08,0.0084019,0.0028006,0
0.08008,1.5,1.1985e-05,1.5,7.9902e-06,-3.584e-09,0.00044855,0.00014952,0,-4.4891e-08,0.011169,0.0037229,0
0.1001,1.5,2.3374e-05,1.5,1.5582e-05,-1.0899e-08,0.00069945,0.00023315,0,-1.0927e-07,0.013919,0.0046396,0
0.12012,1.5,4.0329e-05,1.5,2.6886e-05,-2.7026e-08,0.0010052,0.00033506,0,-2.259e-07,0.016652,0.0055507,0
0.14014,1.5,6.3945e-05,1.5,4.263e-05,-5.8208e-08,0.0013654,0.00045514,0,-4.1724e-07,0.019369,0.0064562,0
0.16016,1.5,9.5307e-05,1.5,6.3538e-05,-1.1309e-07,0.0017798,0.00059327,0,-7.0966e-07,0.022068,0.0073561,0
0.18018,1.5,0.0001355,1.5,9.0331e-05,-2.0307e-07,0.002248,0.00074935,0,-1.1333e-06,0.024751,0.0082505,0
0.2002,1.5,0.00018559,1.5001,0.00012372,-3.4268e-07,0.0027698,0.00092325,0,-1.7222e-06,0.027418,0.0091393,0
0.22022,1.5,0.00024664,1.5001,0.00016443,-5.4995e-07,0.0033446,0.0011149,0,-2.5138e-06,0.030068,0.010023,0
0.24024,1.5,0.00031972,1.5001,0.00021315,-8.467e-07,0.0039724,0.0013241,0,-3.5496e-06,0.032701,0.0109,0
0.26026,1.5,0.00040589,1.5001,0.00027059,-1.2589e-06,0.0046526,0.0015509,0,-4.8743e-06,0.035318,0.011773,0
0.28028,1.5,0.00050617,1.5002,0.00033745,-1.8171e-06,0.005385,0.001795,0,-6.5365e-06,0.037918,0.012639,0
0.3003,1.5,0.00062163,1.5002,0.00041442,-2.5566e-06,0.0061692,0.0020564,0,-8.5879e-06,0.040502,0.013501,0
0.32032,1.5,0.00075328,1.5003,0.00050219,-3.5178e-06,0.0070049,0.002335,0,-1.1084e-05,0.043069,0.014356,0
0.34034,1.5,0.00090217,1.5003,0.00060144,-4.7465e-06,0.0078918,0.0026306,0,-1.4083e-05,0.04562,0.015207,0
0.36036,1.5,0.0010693,1.5004,0.00071286,-6.2943e-06,0.0088296,0.0029432,0,-1.7647e-05,0.048154,0.016051,0
0.38038,1.5,0.0012557,1.5004,0.00083712,-8.2188e-06,0.0098179,0.0032726,0,-2.1841e-05,0.050672,0.016891,0
0.4004,1.5,0.0014623,1.5005,0.0009749,-1.0584e-05,0.010856,0.0036188,0,-2.6734e-05,0.053174,0.017725,0
0.42042,1.5,0.0016903,1.5006,0.0011268,-1.346e-05,0.011945,0.0039816,0,-3.2398e-05,0.055659,0.018553,0
0.44044,1.5,0.0019405,1.5006,0.0012936,-1.6924e-05,0.013083,0.0043609,0,-3.8906e-05,0.058129,0.019376,0
0.46046,1.5,0.0022139,1.5007,0.0014759,-2.1061e-05,0.01427,0.0047566,0,-4.6336e-05,0.060582,0.020194,0
0.48048,1.5,0.0025116,1.5008,0.0016744,-2.5963e-05,0.015506,0.0051686,0,-5.4769e-05,0.063018,0.021006,0
0.5005,1.5,0.0028345,1.5009,0.0018896,-3.1728e-05,0.01679,0.0055968,0,-6.4288e-05,0.065439,0.021813,0
0.52052,1.5,0.0031835,1.5011,0.0021223,-3.8464e-05,0.018123,0.0060411,0,-7.4979e-05,0.067844,0.022615,0
0.54054,1.5,0.0035597,1.5012,0.0023731,-4.6286e-05,0.019504,0.0065013,0,-8.6933e-05,0.070232,0.023411,0
0.56056,1.5,0.003964,1.5013,0.0026427,-5.5318e-05,0.020932,0.0069775,0,-0.00010024,0.072604,0.024201,0
0.58058,1.5,0.0043973,1.5015,0.0029316,-6.5691e-05,0.022408,0.0074694,0,-0.000115,0.074961,0.024987,0
0.6006,1.5,0.0048606,1.5016,0.0032404,-7.7546e-05,0.023931,0.0079769,0,-0.0001313,0.077301,0.025767,0
0.62062,1.5,0.0053549,1.5018,0.0035699,-9.1033e-05,0.0255,0.0085,0,-0.00014924,0.079625,0.026542,0
0.64064,1.5,0.0058809,1.502,0.0039206,-0.00010631,0.027116,0.0090385,0,-0.00016894,0.081933,0.027311,0
0.66066,1.5,0.0064398,1.5021,0.0042932,-0.00012355,0.028777,0.0095924,0,-0.00019048,0.084225,0.028075,0
0.68068,1.5,0.0070323,1.5023,0.0046882,-0.00014292,0.030485,0.010162,0,-0.00021399,0.086502,0.028834,0
0.7007,1.5,0.0076595,1.5026,0.0051063,-0.00016462,0.032237,0.010746,0,-0.00023956,0.088762,0.029587,0
0.72072,1.5,0.0083221,1.5028,0.0055481,-0.00018883,0.034035,0.011345,0,-0.00026732,0.091007,0.030336,0
0.74074,1.5,0.0090212,1.503,0.0060142,-0.00021577,0.035877,0.011959,0,-0.00029737,0.093235,0.031078,0
0.76076,1.5,0.0097575,1.5033,0.0065051,-0.00024566,0.037764,0.012588,0,-0.00032984,0.095448,0.031816,0
0.78078,1.5,0.010532,1.5035,0.0070214,-0.00027872,0.039695,0.013232,0,-0.00036483,0.097644,0.032548,0
0.8008,1.5,0.011346,1.5038,0.0075638,-0.00031519,0.04167,0.01389,0,-0.00040248,0.099825,0.033275,0
0.82082,1.5,0.012199,1.5041,0.0081328,-0.00035532,0.043688,0.014563,0,-0.0004429,0.10199,0.033997,0
0.84084,1.4999,0.013093,1.5044,0.0087291,-0.00039936,0.045749,0.01525,0,-0.00048622,0.10414,0.034713,0
0.86086,1.4999,0.014029,1.5047,0.0093531,-0.00044759,0.047854,0.015951,0,-0.00053257,0.10627,0.035424,0
0.88088,1.4999,0.015008,1.505,0.010005,-0.00050029,0.05,0.016667,0,-0.00058207,0.10839,0.03613,0
0.9009,1.4999,0.01603,1.5053,0.010687,-0.00055775,0.052189,0.017396,0,-0.00063486,0.11049,0.03683,0
0.92092,1.4999,0.017096,1.5057,0.011397,-0.00062027,0.05442,0.01814,0,-0.00069107,0.11258,0.037526,0
0.94094,1.4999,0.018207,1.5061,0.012138,-0.00068817,0.056692,0.018897,0,-0.00075084,0.11465,0.038215,0
0.96096,1.4999,0.019364,1.5065,0.012909,-0.00076177,0.059005,0.019668,0,-0.00081429,0.1167,0.0389,0
0.98098,1.4999,0.020567,1.5069,0.013712,-0.00084141,0.06136,0.020453,0,-0.00088156,0.11874,0.039579,0
1.001,1.4998,0.021818,1.5073,0.014546,-0.00092745,0.063755,0.021252,0,-0.00095281,0.12076,0.040253,0
1.021,1.4998,0.023118,1.5077,0.015412,-0.0010202,0.06619,0.022063,0,-0.0010282,0.12276,0.040922,0
1.041,1.4998,0.024466,1.5082,0.016312,-0.0011201,0.068665,0.022888,0,-0.0011078,0.12475,0.041585,0
1.0611,1.4998,0.025865,1.5086,0.017244,-0.0012275,0.07118,0.023727,0,-0.0011918,0.12673,0.042243,0
1.0811,1.4998,0.027314,1.5091,0.01821,-0.0013429,0.073734,0.024578,0,-0.0012803,0.12868,0.042895,0
1.1011,1.4997,0.028814,1.5096,0.019211,-0.0014665,0.076327,0.025442,0,-0.0013735,0.13063,0.043542,0
1.1211,1.4997,0.030367,1.5101,0.020246,-0.0015988,0.078959,0.02632,0,-0.0014715,0.13255,0.044183,0
1.1411,1.4997,0.031973,1.5107,0.021317,-0.0017403,0.081629,0.02721,0,-0.0015746,0.13446,0.044819,0
1.1612,1.4996,0.033632,1.5112,0.022424,-0.0018915,0.084338,0.028113,0,-0.0016827,0.13635,0.04545,0
1.1812,1.4996,0.035347,1.5118,0.023567,-0.0020526,0.087083,0.029028,0,-0.0017962,0.13823,0.046075,0
1.2012,1.4995,0.037116,1.5124,0.024747,-0.0022243,0.089866,0.029955,0,-0.001915,0.14008,0.046695,0
1.2212,1.4995,0.038941,1.513,0.025964,-0.002407,0.092687,0.030896,0,-0.0020395,0.14193,0.047309,0
1.2412,1.4994,0.040824,1.5136,0.027219,-0.0026013,0.095543,0.031848,0,-0.0021697,0.14375,0.047917,0
1.2613,1.4994,0.042763,1.5143,0.028513,-0.0028075,0.098436,0.032812,0,-0.0023058,0.14556,0.04852,0
1.2813,1.4993,0.044761,1.5149,0.029845,-0.0030262,0.10137,0.033789,0,-0.0024479,0.14735,0.049116,0
1.3013,1.4993,0.046818,1.5156,0.031217,-0.003258,0.10433,0.034777,0,-0.0025963,0.14912,0.049708,0
1.3213,1.4992,0.048935,1.5163,0.032629,-0.0035033,0.10733,0.035777,0,-0.002751,0.15088,0.050293,0
1.3413,1.4991,0.051112,1.517,0.034081,-0.0037628,0.11037,0.036788,0,-0.0029122,0.15262,0.050873,0
1.3614,1.4991,0.05335,1.5178,0.035574,-0.004037,0.11343,0.037812,0,-0.0030801,0.15434,0.051447,0
1.3814,1.499,0.055649,1.5185,0.037108,-0.0043265,0.11654,0.038846,0,-0.0032548,0.15604,0.052014,0
1.4014,1.4989,0.058011,1.5193,0.038684,-0.0046319,0.11968,0.039892,0,-0.0034366,0.15773,0.052576,0
1.4214,1.4988,0.060437,1.5201,0.040302,-0.0049537,0.12285,0.040949,0,-0.0036254,0.1594,0.053132,0
1.4414,1.4987,0.062926,1.521,0.041963,-0.0052926,0.12605,0.042017,0,-0.0038216,0.16104,0.053681,0
1.4615,1.4986,0.065479,1.5218,0.043667,-0.0056492,0.12929,0.043096,0,-0.0040252,0.16267,0.054225,0
1.4815,1.4985,0.068097,1.5227,0.045414,-0.0060242,0.13256,0.044186,0,-0.0042365,0.16429,0.054762,0
1.5015,1.4983,0.070782,1.5236,0.047205,-0.0064181,0.13586,0.045287,0,-0.0044555,0.16588,0.055293,0
1.5215,1.4982,0.073532,1.5245,0.049041,-0.0068317,0.13919,0.046398,0,-0.0046825,0.16745,0.055817,0
1.5415,1.4981,0.07635,1.5254,0.050922,-0.0072656,0.14256,0.04752,0,-0.0049176,0.169,0.056335,0
1.5616,1.4979,0.079235,1.5264,0.052848,-0.0077205,0.14595,0.048651,0,-0.0051609,0.17054,0.056846,0
1.5816,1.4977,0.082188,1.5274,0.054819,-0.0081971,0.14938,0.049793,0,-0.0054126,0.17205,0.057351,0
1.6016,1.4976,0.08521,1.5284,0.056837,-0.0086962,0.15284,0.050945,0,-0.0056728,0.17355,0.057848,0
1.6216,1.4974,0.088302,1.5294,0.058902,-0.0092183,0.15632,0.052107,0,-0.0059418,0.17502,0.058339,0
1.6416,1.4972,0.091463,1.5305,0.061013,-0.0097643,0.15984,0.053279,0,-0.0062196,0.17647,0.058823,0
1.6617,1.497,0.094695,1.5316,0.063172,-0.010335,0.16338,0.05446,0,-0.0065064,0.1779,0.0593,0
1.6817,1.4968,0.097998,1.5327,0.065379,-0.010931,0.16695,0.055651,0,-0.0068024,0.17931,0.059769,0
1.7017,1.4966,0.10137,1.5338,0.067634,-0.011553,0.17055,0.056851,0,-0.0071077,0.18069,0.060231,0
1.7217,1.4963,0.10482,1.5349,0.069938,-0.012202,0.17418,0.05806,0,-0.0074224,0.18206,0.060686,0
1.7417,1.4961,0.10834,1.5361,0.07229,-0.012878,0.17783,0.059278,0,-0.0077467,0.1834,0.061133,0
1.7618,1.4958,0.11193,1.5373,0.074692,-0.013583,0.18152,0.060505,0,-0.0080808,0.18472,0.061572,0
1.7818,1.4955,0.1156,1.5385,0.077144,-0.014317,0.18522,0.061741,0,-0.0084247,0.18601,0.062004,0
1.8018,1.4952,0.11934,1.5398,0.079646,-0.015082,0.18896,0.062985,0,-0.0087786,0.18728,0.062427,0
1.8218,1.4949,0.12316,1.5411,0.082199,-0.015877,0.19271,0.064238,0,-0.0091427,0.18853,0.062842,0
1.8418,1.4946,0.12705,1.5424,0.084803,-0.016704,0.1965,0.065499,0,-0.0095171,0.18975,0.063249,0
1.8619,1.4943,0.13102,1.5437,0.087458,-0.017563,0.2003,0.066768,0,-0.0099018,0.19094,0.063647,0
1.8819,1.4939,0.13506,1.545,0.090165,-0.018456,0.20413,0.068045,0,-0.010297,0.19211,0.064037,0
1.9019,1.4935,0.13919,1.5464,0.092924,-0.019383,0.20799,0.069329,0,-0.010703,0.19325,0.064418,0
1.9219,1.4931,0.14338,1.5478,0.095736,-0.020345,0.21186,0.070622,0,-0.01112,0.19437,0.06479,0
1.9419,1.4927,0.14766,1.5492,0.0986,-0.021343,0.21576,0.071921,0,-0.011547,0.19546,0.065152,0
1.962,1.4923,0.15201,1.5507,0.10152,-0.022379,0.21968,0.073228,0,-0.011986,0.19652,0.065505,0
1.982,1.4918,0.15645,1.5521,0.10449,-0.023451,0.22362,0.074541,0,-0.012436,0.19755,0.065849,0
2.002,1.4913,0.16096,1.5537,0.10751,-0.024563,0.22758,0.075861,0,-0.012896,0.19855,0.066183,0
2.022,1.4908,0.16555,1.5552,0.11059,-0.025714,0.23157,0.077188,0,-0.013369,0.19952,0.066507,0
2.042,1.4903,0.17022,1.5567,0.11373,-0.026906,0.23556,0.078522,0,-0.013852,0.20046,0.06682,0
2.0621,1.4898,0.17497,1.5583,0.11692,-0.028139,0.23958,0.079861,0,-0.014347,0.20137,0.067123,0
2.0821,1.4892,0.17981,1.5599,0.12016,-0.029415,0.24362,0.081206,0,-0.014854,0.20225,0.067416,0
2.1021,1.4886,0.18472,1.5616,0.12346,-0.030734,0.24767,0.082558,0,-0.015372,0.20309,0.067697,0
2.1221,1.488,0.18971,1.5632,0.12682,-0.032097,0.25174,0.083914,0,-0.015902,0.2039,0.067968,0
2.1421,1.4873,0.19479,1.5649,0.13023,-0.033505,0.25583,0.085276,0,-0.016443,0.20468,0.068227,0
2.1622,1.4866,0.19995,1.5666,0.1337,-0.03496,0.25993,0.086643,0,-0.016997,0.20542,0.068474,0
2.1822,1.4859,0.20519,1.5684,0.13722,-0.036462,0.26405,0.088015,0,-0.017562,0.20613,0.06871,0
2.2022,1.4852,0.21051,1.5702,0.1408,-0.038012,0.26817,0.089392,0,-0.018139,0.2068,0.068933,0
2.2222,1.4844,0.21591,1.572,0.14444,-0.03961,0.27232,0.090772,0,-0.018729,0.20743,0.069144,0
2.2422,1.4836,0.2214,1.5738,0.14814,-0.041259,0.27647,0.092157,0,-0.01933,0.20803,0.069342,0
2.2623,1.4827,0.22697,1.5757,0.1519,-0.042959,0.28064,0.093546,0,-0.019943,0.20858,0.069527,0
2.2823,1.4819,0.23263,1.5775,0.15571,-0.044711,0.28481,0.094938,0,-0.020568,0.2091,0.069699,0
2.3023,1.4809,0.23836,1.5795,0.15959,-0.046516,0.289,0.096334,0,-0.021205,0.20957,0.069858,0
2.3223,1.48,0.24419,1.5814,0.16352,-0.048375,0.2932,0.097733,0,-0.021854,0.21001,0.070002,0
2.3423,1.479,0.25009,1.5834,0.16751,-0.050289,0.2974,0.099134,0,-0.022515,0.2104,0.070132,0
2.3624,1.478,0.25608,1.5854,0.17156,-0.052259,0.30161,0.10054,0,-0.023188,0.21074,0.070248,0
2.3824,1.4769,0.26216,1.5874,0.17567,-0.054286,0.30583,0.10194,0,-0.023873,0.21105,0.070349,0
2.4024,1.4758,0.26832,1.5894,0.17985,-0.056371,0.31005,0.10335,0,-0.02457,0.2113,0.070434,0
2.4224,1.4747,0.27456,1.5915,0.18408,-0.058515,0.31428,0.10476,0,-0.025278,0.21151,0.070504,0
2.4424,1.4735,0.28089,1.5936,0.18837,-0.060719,0.31851,0.10617,0,-0.025999,0.21168,0.070558,0
2.4625,1.4722,0.2873,1.5958,0.19272,-0.062983,0.32275,0.10758,0,-0.02673,0.21179,0.070596,0
2.4825,1.4709,0.2938,1.5979,0.19714,-0.06531,0.32699,0.109,0,-0.027474,0.21185,0.070618,0
2.5025,1.4696,0.30038,1.6001,0.20162,-0.0677,0.33122,0.11041,0,-0.028229,0.21187,0.070622,0
2.5225,1.4682,0.30705,1.6023,0.20615,-0.070153,0.33546,0.11182,0,-0.028995,0.21183,0.070609,0
2.5425,1.4668,0.3138,1.6046,0.21076,-0.072672,0.3397,0.11323,0,-0.029772,0.21174,0.070579,0
2.5626,1.4653,0.32063,1.6069,0.21542,-0.075256,0.34393,0.11464,0,-0.03056,0.21159,0.07053,0
2.5826,1.4638,0.32756,1.6092,0.22014,-0.077908,0.34816,0.11605,0,-0.031359,0.21139,0.070463,0
2.6026,1.4622,0.33456,1.6115,0.22493,-0.080627,0.35238,0.11746,0,-0.032169,0.21113,0.070377,0
2.6226,1.4606,0.34165,1.6139,0.22978,-0.083415,0.3566,0.11887,0,-0.032989,0.21081,0.070272,0
2.6426,1.4589,0.34882,1.6163,0.2347,-0.086273,0.36082,0.12027,0,-0.03382,0.21044,0.070147,0
2.6627,1.4571,0.35608,1.6187,0.23968,-0.089202,0.36502,0.12167,0,-0.03466,0.21,0.070002,0
2.6827,1.4553,0.36343,1.6211,0.24472,-0.092202,0.36922,0.12307,0,-0.035511,0.20951,0.069836,0
2.7027,1.4534,0.37085,1.6236,0.24983,-0.095275,0.3734,0.12447,0,-0.036371,0.20895,0.06965,0
2.7227,1.4515,0.37836,1.6261,0.255,-0.098422,0.37757,0.12586,0,-0.03724,0.20833,0.069442,0
2.7427,1.4495,0.38595,1.6287,0.26023,-0.10164,0.38173,0.12724,0,-0.038118,0.20764,0.069212,0
2.7628,1.4474,0.39363,1.6312,0.26553,-0.10494,0.38588,0.12863,0,-0.039004,0.20688,0.06896,0
2.7828,1.4453,0.40139,1.6338,0.27089,-0.10831,0.39001,0.13,0,-0.039899,0.20606,0.068686,0
2.8028,1.4431,0.40923,1.6364,0.27632,-0.11176,0.39412,0.13137,0,-0.040802,0.20516,0.068388,0
2.8228,1.4408,0.41715,1.6391,0.28182,-0.11529,0.39821,0.13274,0,-0.041712,0.2042,0.068066,0
2.8428,1.4385,0.42516,1.6417,0.28738,-0.1189,0.40229,0.1341,0,-0.04263,0.20316,0.067721,0
2.8629,1.4361,0.43325,1.6444,0.29301,-0.12259,0.40634,0.13545,0,-0.043554,0.20205,0.067351,0
2.8829,1.4336,0.44141,1.6471,0.2987,-0.12636,0.41037,0.13679,0,-0.044484,0.20087,0.066956,0
2.9029,1.431,0.44966,1.6499,0.30446,-0.13021,0.41437,0.13812,0,-0.04542,0.19961,0.066536,0
2.9229,1.4284,0.45799,1.6527,0.31028,-0.13414,0.41835,0.13945,0,-0.046362,0.19827,0.066089,0
2.9429,1.4256,0.46639,1.6555,0.31617,-0.13816,0.42231,0.14077,0,-0.047308,0.19685,0.065617,0
2.963,1.4228,0.47488,1.6583,0.32213,-0.14225,0.42623,0.14208,0,-0.048259,0.19535,0.065117,0
2.983,1.42,0.48344,1.6611,0.32815,-0.14644,0.43012,0.14337,0,-0.049213,0.19377,0.06459,0
3.003,1.417,0.49208,1.664,0.33425,-0.15071,0.43398,0.14466,0,-0.050171,0.1921,0.064035,0
3.023,1.4139,0.5008,1.6669,0.3404,-0.15507,0.4378,0.14593,0,-0.051131,0.19035,0.063452,0
3.043,1.4108,0.5096,1.6699,0.34663,-0.15951,0.44159,0.1472,0,-0.052093,0.18852,0.062839,0
3.0631,1.4075,0.51847,1.6728,0.35292,-0.16404,0.44534,0.14845,0,-0.053056,0.18659,0.062198,0
3.0831,1.4042,0.52741,1.6758,0.35929,-0.16866,0.44905,0.14968,0,-0.054019,0.18458,0.061526,0
3.1031,1.4008,0.53643,1.6788,0.36572,-0.17337,0.45272,0.15091,0,-0.054983,0.18247,0.060824,0
3.1231,1.3973,0.54552,1.6818,0.37221,-0.17817,0.45635,0.15212,0,-0.055945,0.18027,0.060092,0
3.1431,1.3937,0.55468,1.6849,0.37878,-0.18305,0.45994,0.15331,0,-0.056906,0.17798,0.059327,0
3.1632,1.39,0.56392,1.688,0.38541,-0.18803,0.46347,0.15449,0,-0.057864,0.17559,0.058531,0
3.1832,1.3862,0.57322,1.6911,0.39212,-0.1931,0.46696,0.15565,0,-0.058819,0.17311,0.057703,0
3.2032,1.3822,0.58259,1.6942,0.39889,-0.19826,0.47039,0.1568,0,-0.059769,0.17053,0.056842,0
3.2232,1.3782,0.59204,1.6973,0.40573,-0.20352,0.47378,0.15793,0,-0.060715,0.16784,0.055947,0
3.2432,1.3741,0.60154,1.7005,0.41264,-0.20887,0.47711,0.15904,0,-0.061654,0.16506,0.055019,0
3.2633,1.3699,0.61112,1.7037,0.41962,-0.21431,0.48038,0.16013,0,-0.062587,0.16217,0.054056,0
3.2833,1.3655,0.62076,1.7069,0.42667,-0.21984,0.48359,0.1612,0,-0.063511,0.15917,0.053058,0
3.3033,1.3611,0.63046,1.7102,0.43379,-0.22547,0.48675,0.16225,0,-0.064426,0.15607,0.052025,0
3.3233,1.3565,0.64023,1.7134,0.44097,-0.23119,0.48984,0.16328,0,-0.065331,0.15287,0.050956,0
3.3433,1.3518,0.65006,1.7167,0.44823,-0.237,0.49286,0.16429,0,-0.066225,0.14955,0.04985,0
3.3634,1.347,0.65994,1.72,0.45556,-0.24291,0.49582,0.16527,0,-0.067107,0.14612,0.048708,0
3.3834,1.3421,0.66989,1.7233,0.46295,-0.24892,0.4987,0.16623,0,-0.067975,0.14258,0.047528,0
3.4034,1.3371,0.67989,1.7266,0.47042,-0.25502,0.50152,0.16717,0,-0.068829,0.13893,0.046311,0
3.4234,1.3319,0.68995,1.73,0.47796,-0.26122,0.50426,0.16809,0,-0.069666,0.13517,0.045055,0
3.4434,1.3266,0.70006,1.7334,0.48556,-0.26751,0.50693,0.16898,0,-0.070487,0.13128,0.043761,0
3.4635,1.3212,0.71022,1.7367,0.49324,-0.27389,0.50951,0.16984,0,-0.071289,0.12728,0.042427,0
3.4835,1.3157,0.72044,1.7401,0.50099,-0.28037,0.51202,0.17067,0,-0.072071,0.12316,0.041054,0
3.5035,1.31,0.7307,1.7436,0.50881,-0.28695,0.51444,0.17148,0,-0.072832,0.11892,0.039641,0
3.5235,1.3042,0.74102,1.747,0.5167,-0.29362,0.51677,0.17226,0,-0.07357,0.11456,0.038187,0
3.5435,1.2982,0.75137,1.7505,0.52466,-0.30039,0.51902,0.17301,0,-0.074284,0.11008,0.036692,0
3.5636,1.2922,0.76178,1.7539,0.53269,-0.30725,0.52117,0.17372,0,-0.074973,0.10547,0.035156,0
3.5836,1.286,0.77222,1.7574,0.54079,-0.31421,0.52324,0.17441,0,-0.075635,0.10073,0.033578,0
3.6036,1.2796,0.78271,1.7609,0.54896,-0.32126,0.5252,0.17507,0,-0.076268,0.095873,0.031958,0
3.6236,1.2731,0.79323,1.7644,0.55721,-0.3284,0.52707,0.17569,0,-0.076871,0.090884,0.030295,0
3.6436,1.2665,0.80379,1.7679,0.56552,-0.33564,0.52884,0.17628,0,-0.077442,0.085767,0.028589,0
3.6637,1.2597,0.81438,1.7715,0.57391,-0.34297,0.5305,0.17683,0,-0.07798,0.08052,0.02684,0
3.6837,1.2527,0.82501,1.775,0.58237,-0.35039,0.53206,0.17735,0,-0.078482,0.075142,0.025047,0
3.7037,1.2457,0.83566,1.7786,0.5909,-0.35791,0.53351,0.17784,0,-0.078947,0.069632,0.023211,0
3.7237,1.2384,0.84635,1.7821,0.5995,-0.36551,0.53484,0.17828,0,-0.079374,0.063989,0.02133,0
3.7437,1.231,0.85706,1.7857,0.60818,-0.37321,0.53606,0.17869,0,-0.07976,0.058211,0.019404,0
3.7638,1.2235,0.86779,1.7893,0.61692,-0.381,0.53717,0.17906,0,-0.080104,0.052299,0.017433,0
3.7838,1.2158,0.87854,1.7928,0.62574,-0.38887,0.53816,0.17939,0,-0.080403,0.046252,0.015417,0
3.8038,1.2079,0.88931,1.7964,0.63463,-0.39684,0.53902,0.17967,0,-0.080656,0.040068,0.013356,0
3.8238,1.1999,0.9001,1.8,0.64359,-0.40489,0.53976,0.17992,0,-0.080861,0.033746,0.011249,0
3.8438,1.1917,0.9109,1.8036,0.65262,-0.41303,0.54037,0.18012,0,-0.081015,0.027287,0.0090957,0
3.8639,1.1834,0.92172,1.8072,0.66172,-0.42125,0.54085,0.18028,0,-0.081118,0.02069,0.0068965,0
3.8839,1.1749,0.93254,1.8108,0.6709,-0.42956,0.54119,0.1804,0,-0.081166,0.013953,0.0046509,0
3.9039,1.1662,0.94336,1.8145,0.68015,-0.43795,0.5414,0.18047,0,-0.081157,0.0070765,0.0023588,0
3.9239,1.1574,0.95419,1.8181,0.68947,-0.44642,0.54148,0.18049,0,-0.08109,6.0126e-05,2.0042e-05,0
3.9439,1.1484,0.96502,1.8217,0.69886,-0.45497,0.54141,0.18047,0,-0.080961,-0.0070966,-0.0023655,0
3.964,1.1392,0.97585,1.8253,0.70833,-0.4636,0.54119,0.1804,0,-0.08077,-0.014394,-0.004798,0
3.984,1.1298,0.98667,1.8289,0.71787,-0.47231,0.54083,0.18028,0,-0.080513,-0.021832,-0.0072775,0
4.004,1.1203,0.99748,1.8325,0.72748,-0.48109,0.54032,0.18011,0,-0.080189,-0.029412,-0.0098039,0
4.024,1.1106,1.0083,1.8361,0.73716,-0.48995,0.53965,0.17988,0,-0.079795,-0.037132,-0.012377,0
4.044,1.1007,1.0191,1.8397,0.74691,-0.49887,0.53883,0.17961,0,-0.079328,-0.044994,-0.014998,0
4.0641,1.0906,1.0298,1.8433,0.75674,-0.50787,0.53785,0.17928,0,-0.078787,-0.052997,-0.017666,0
4.0841,1.0804,1.0406,1.8469,0.76664,-0.51694,0.53671,0.1789,0,-0.078168,-0.061141,-0.02038,0
4.1041,1.0699,1.0513,1.8504,0.77661,-0.52608,0.5354,0.17847,0,-0.07747,-0.069426,-0.023142,0
4.1241,1.0593,1.062,1.854,0.78665,-0.53528,0.53393,0.17798,0,-0.07669,-0.077851,-0.02595,0
4.1441,1.0485,1.0727,1.8576,0.79677,-0.54454,0.53229,0.17743,0,-0.075826,-0.086416,-0.028805,0
4.1642,1.0375,1.0833,1.8611,0.80696,-0.55386,0.53047,0.17682,0,-0.074874,-0.09512,-0.031707,0
4.1842,1.0264,1.0939,1.8646,0.81722,-0.56324,0.52848,0.17616,0,-0.073832,-0.10396,-0.034654,0
4.2042,1.015,1.1044,1.8681,0.82756,-0.57268,0.52632,0.17544,0,-0.072698,-0.11294,-0.037648,0
4.2242,1.0035,1.1149,1.8716,0.83796,-0.58216,0.52397,0.17466,0,-0.071469,-0.12206,-0.040688,0
4.2442,0.99173,1.1254,1.8751,0.84844,-0.5917,0.52143,0.17381,0,-0.070143,-0.13132,-0.043773,0
4.2643,0.9798,1.1358,1.8786,0.859,-0.60129,0.51871,0.1729,0,-0.068717,-0.14071,-0.046903,0
4.2843,0.96768,1.1461,1.882,0.86962,-0.61092,0.5158,0.17193,0,-0.067187,-0.15024,-0.050079,0
4.3043,0.95536,1.1564,1.8855,0.88032,-0.6206,0.5127,0.1709,0,-0.065552,-0.15989,-0.053298,0
4.3243,0.94285,1.1666,1.8889,0.89109,-0.63031,0.50941,0.1698,0,-0.063809,-0.16968,-0.056562,0
4.3443,0.93015,1.1768,1.8923,0.90193,-0.64006,0.50591,0.16864,0,-0.061955,-0.17961,-0.059868,0
4.3644,0.91725,1.1869,1.8956,0.91284,-0.64984,0.50222,0.16741,0,-0.059987,-0.18966,-0.063218,0
4.3844,0.90415,1.1969,1.899,0.92383,-0.65966,0.49833,0.16611,0,-0.057903,-0.19983,-0.066611,0
4.4044,0.89086,1.2068,1.9023,0.93489,-0.6695,0.49423,0.16474,0,-0.055699,-0.21013,-0.070045,0
4.4244,0.87737,1.2166,1.9055,0.94602,-0.67936,0.48992,0.16331,0,-0.053373,-0.22056,-0.07352,0
4.4444,0.86369,1.2264,1.9088,0.95722,-0.68925,0.4854,0.1618,0,-0.050923,-0.23111,-0.077036,0
4.4645,0.8498,1.2361,1.912,0.9685,-0.69915,0.48067,0.16022,0,-0.048345,-0.24177,-0.080591,0
4.4845,0.83572,1.2456,1.9152,0.97985,-0.70906,0.47573,0.15858,0,-0.045636,-0.25256,-0.084186,0
4.5045,0.82144,1.2551,1.9184,0.99127,-0.71899,0.47057,0.15686,0,-0.042794,-0.26346,-0.087819,0
4.5245,0.80696,1.2644,1.9215,1.0028,-0.72892,0.46519,0.15506,0,-0.039817,-0.27447,-0.091489,0
4.5445,0.79228,1.2737,1.9246,1.0143,-0.73885,0.45959,0.1532,0,-0.036701,-0.28559,-0.095196,0
4.5646,0.77741,1.2828,1.9276,1.026,-0.74878,0.45377,0.15126,0,-0.033443,-0.29681,-0.098938,0
4.5846,0.76233,1.2918,1.9306,1.0377,-0.7587,0.44772,0.14924,0,-0.030041,-0.30814,-0.10271,0
4.6046,0.74706,1.3007,1.9336,1.0495,-0.76861,0.44144,0.14715,0,-0.026492,-0.31957,-0.10652,0
4.6246,0.73159,1.3095,1.9365,1.0613,-0.7785,0.43494,0.14498,0,-0.022793,-0.3311,-0.11037,0
4.6446,0.71592,1.3181,1.9394,1.0732,-0.78838,0.4282,0.14273,0,-0.018942,-0.34272,-0.11424,0
4.6647,0.70005,1.3266,1.9422,1.0852,-0.79823,0.42123,0.14041,0,-0.014936,-0.35444,-0.11815,0
4.6847,0.68399,1.335,1.945,1.0973,-0.80806,0.41402,0.13801,0,-0.010772,-0.36624,-0.12208,0
4.7047,0.66773,1.3432,1.9477,1.1094,-0.81785,0.40658,0.13553,0,-0.0064475,-0.37812,-0.12604,0
4.7247,0.65128,1.3512,1.9504,1.1217,-0.8276,0.39889,0.13296,0,-0.0019599,-0.39008,-0.13003,0
4.7447,0.63463,1.3591,1.953,1.1339,-0.83732,0.39097,0.13032,0,0.0026934,-0.40212,-0.13404,0
4.7648,0.61778,1.3669,1.9556,1.1463,-0.84698,0.38281,0.1276,0,0.0075149,-0.41422,-0.13807,0
4.7848,0.60075,1.3744,1.9581,1.1587,-0.85659,0.3744,0.1248,0,0.012507,-0.4264,-0.14213,0
4.8048,0.58352,1.3818,1.9606,1.1712,-0.86615,0.36575,0.12192,0,0.017673,-0.43863,-0.14621,0
4.8248,0.5661,1.3891,1.963,1.1838,-0.87564,0.35686,0.11895,0,0.023014,-0.45092,-0.15031,0
4.8448,0.5485,1.3961,1.9654,1.1964,-0.88506,0.34772,0.11591,0,0.028533,-0.46327,-0.15442,0
4.8649,0.5307,1.403,1.9677,1.2092,-0.89441,0.33833,0.11278,0,0.034233,-0.47566,-0.15855,0
4.8849,0.51272,1.4097,1.9699,1.2219,-0.90368,0.32869,0.10956,0,0.040115,-0.48809,-0.1627,0
4.9049,0.49456,1.4161,1.972,1.2348,-0.91287,0.3188,0.10627,0,0.046182,-0.50056,-0.16685,0
4.9249,0.47621,1.4224,1.9741,1.2477,-0.92197,0.30867,0.10289,0,0.052437,-0.51306,-0.17102,0
4.9449,0.45768,1.4285,1.9762,1.2607,-0.93097,0.29828,0.099427,0,0.05888,-0.52559,-0.1752,0
4.965,0.43897,1.4343,1.9781,1.2738,-0.93987,0.28764,0.095881,0,0.065515,-0.53814,-0.17938,0
4.985,0.42008,1.44,1.98,1.2869,-0.94867,0.27675,0.092251,0,0.072343,-0.5507,-0.18357,0
5.005,0.40102,1.4454,1.9818,1.3002,-0.95735,0.26561,0.088538,0,0.079366,-0.56327,-0.18776,0
5.025,0.38179,1.4506,1.9835,1.3134,-0.96592,0.25422,0.084741,0,0.086585,-0.57584,-0.19195,0
5.045,0.36239,1.4556,1.9852,1.3268,-0.97436,0.24258,0.08086,0,0.094004,-0.5884,-0.19613,0
5.0651,0.34282,1.4603,1.9868,1.3402,-0.98266,0.23069,0.076896,0,0.10162,-0.60096,-0.20032,0
5.0851,0.32308,1.4648,1.9883,1.3537,-0.99084,0.21854,0.072848,0,0.10944,-0.61349,-0.2045,0
5.1051,0.30318,1.469,1.9897,1.3673,-0.99887,0.20615,0.068716,0,0.11747,-0.626,-0.20867,0
5.1251,0.28313,1.473,1.991,1.3809,-1.0067,0.1935,0.064501,0,0.1257,-0.63848,-0.21283,0
5.1451,0.26291,1.4768,1.9923,1.3946,-1.0145,0.18061,0.060203,0,0.13413,-0.65092,-0.21697,0
5.1652,0.24255,1.4803,1.9934,1.4084,-1.022,0.16747,0.055822,0,0.14277,-0.66332,-0.22111,0
5.1852,0.22203,1.4835,1.9945,1.4222,-1.0294,0.15408,0.051359,0,0.15162,-0.67566,-0.22522,0
5.2052,0.20137,1.4864,1.9955,1.4361,-1.0367,0.14044,0.046814,0,0.16068,-0.68794,-0.22931,0
5.2252,0.18057,1.4891,1.9964,1.4501,-1.0437,0.12656,0.042187,0,0.16995,-0.70015,-0.23338,0
5.2452,0.15963,1.4915,1.9972,1.4642,-1.0505,0.11244,0.037478,0,0.17943,-0.71228,-0.23743,0
5.2653,0.13855,1.4936,1.9979,1.4783,-1.0572,0.098069,0.03269,0,0.18912,-0.72433,-0.24144,0
5.2853,0.11734,1.4954,1.9985,1.4925,-1.0637,0.083462,0.027821,0,0.19902,-0.73629,-0.24543,0
5.3053,0.096004,1.4969,1.999,1.5067,-1.0699,0.068618,0.022873,0,0.20913,-0.74815,-0.24938,0
5.3253,0.074545,1.4981,1.9994,1.5211,-1.0759,0.053537,0.017846,0,0.21945,-0.7599,-0.2533,0
5.3453,0.052968,1.4991,1.9997,1.5355,-1.0818,0.038223,0.012741,0,0.22999,-0.77153,-0.25718,0
5.3654,0.031276,1.4997,1.9999,1.5499,-1.0874,0.022677,0.007559,0,0.24074,-0.78303,-0.26101,0
5.3854,0.0094753,1.5,2,1.5645,-1.0927,0.0069026,0.0023009,0,0.2517,-0.7944,-0.2648,0
5.4054,-0.01243,1.4999,2,1.5791,-1.0978,-0.0090978,-0.0030326,0,0.26287,-0.80562,-0.26854,0
5.4254,-0.034436,1.4996,1.9999,1.5938,-1.1027,-0.025321,-0.0084404,0,0.27425,-0.81669,-0.27223,0
5.4454,-0.056536,1.4989,1.9996,1.6085,-1.1073,-0.041764,-0.013921,0,0.28585,-0.8276,-0.27587,0
5.4655,-0.078726,1.4979,1.9993,1.6233,-1.1116,-0.058424,-0.019475,0,0.29765,-0.83834,-0.27945,0
5.4855,-0.101,1.4966,1.9989,1.6382,-1.1157,-0.075297,-0.025099,0,0.30965,-0.8489,-0.28297,0
5.5055,-0.12335,1.4949,1.9983,1.6531,-1.1195,-0.092379,-0.030793,0,0.32187,-0.85927,-0.28642,0
5.5255,-0.14578,1.4929,1.9976,1.6681,-1.1231,-0.10967,-0.036556,0,0.33429,-0.86944,-0.28981,0
5.5455,-0.16827,1.4905,1.9968,1.6832,-1.1263,-0.12716,-0.042385,0,0.34691,-0.87941,-0.29314,0
5.5656,-0.19083,1.4878,1.9959,1.6984,-1.1293,-0.14484,-0.04828,0,0.35974,-0.88915,-0.29638,0
5.5856,-0.21344,1.4847,1.9949,1.7136,-1.1319,-0.16272,-0.05424,0,0.37276,-0.89867,-0.29956,0
5.6056,-0.2361,1.4813,1.9938,1.7289,-1.1342,-0.18079,-0.060262,0,0.38598,-0.90795,-0.30265,0
5.6256,-0.25881,1.4775,1.9925,1.7442,-1.1363,-0.19904,-0.066345,0,0.3994,-0.91699,-0.30566,0
5.6456,-0.28155,1.4733,1.9911,1.7596,-1.138,-0.21746,-0.072488,0,0.41301,-0.92577,-0.30859,0
5.6657,-0.30433,1.4688,1.9896,1.7751,-1.1393,-0.23607,-0.078688,0,0.42681,-0.93428,-0.31143,0
5.6857,-0.32712,1.4639,1.988,1.7906,-1.1404,-0.25483,-0.084945,0,0.44079,-0.94252,-0.31417,0
5.7057,-0.34994,1.4586,1.9862,1.8063,-1.1411,-0.27376,-0.091255,0,0.45496,-0.95047,-0.31682,0
5.7257,-0.37277,1.4529,1.9843,1.8219,-1.1415,-0.29285,-0.097617,0,0.46931,-0.95812,-0.31937,0
5.7457,-0.3956,1.4469,1.9823,1.8377,-1.1415,-0.31209,-0.10403,0,0.48383,-0.96547,-0.32182,0
5.7658,-0.41842,1.4405,1.9802,1.8535,-1.1411,-0.33147,-0.11049,0,0.49853,-0.97251,-0.32417,0
5.7858,-0.44124,1.4336,1.9779,1.8694,-1.1404,-0.35098,-0.11699,0,0.5134,-0.97921,-0.3264,0
5.8058,-0.46404,1.4264,1.9755,1.8853,-1.1393,-0.37063,-0.12354,0,0.52843,-0.98559,-0.32853,0
5.8258,-0.48681,1.4188,1.9729,1.9013,-1.1378,-0.39041,-0.13014,0,0.54362,-0.99162,-0.33054,0
5.8458,-0.50955,1.4108,1.9703,1.9174,-1.136,-0.4103,-0.13677,0,0.55897,-0.99729,-0.33243,0
5.8659,-0.53225,1.4024,1.9675,1.9335,-1.1338,-0.4303,-0.14343,0,0.57446,-1.0026,-0.3342,0
5.8859,-0.55489,1.3936,1.9645,1.9497,-1.1311,-0.4504,-0.15013,0,0.5901,-1.0075,-0.33584,0
5.9059,-0.57749,1.3844,1.9615,1.966,-1.1281,-0.47059,-0.15686,0,0.60588,-1.0121,-0.33736,0
5.9259,-0.60002,1.3748,1.9583,1.9823,-1.1247,-0.49088,-0.16363,0,0.6218,-1.0162,-0.33875,0
5.9459,-0.62247,1.3647,1.9549,1.9987,-1.1209,-0.51124,-0.17041,0,0.63784,-1.02,-0.34,0
5.966,-0.64485,1.3543,1.9514,2.0152,-1.1166,-0.53167,-0.17722,0,0.65401,-1.0233,-0.34111,0
5.986,-0.66714,1.3435,1.9478,2.0317,-1.112,-0.55217,-0.18406,0,0.67029,-1.0262,-0.34208,0
6.006,-0.68933,1.3322,1.9441,2.0483,-1.1069,-0.57272,-0.19091,0,0.68668,-1.0287,-0.34291,0
6.026,-0.71141,1.3206,1.9402,2.0649,-1.1014,-0.59332,-0.19777,0,0.70317,-1.0308,-0.34359,0
6.046,-0.73338,1.3085,1.9362,2.0816,-1.0954,-0.61395,-0.20465,0,0.71975,-1.0324,-0.34412,0
6.0661,-0.75522,1.296,1.932,2.0984,-1.089,-0.63461,-0.21154,0,0.73643,-1.0335,-0.3445,0
6.0861,-0.77693,1.2831,1.9277,2.1153,-1.0822,-0.65529,-0.21843,0,0.75318,-1.0342,-0.34472,0
6.1061,-0.79851,1.2698,1.9233,2.1322,-1.0749,-0.67597,-0.22532,0,0.77001,-1.0344,-0.34478,0
6.1261,-0.81993,1.2561,1.9187,2.1491,-1.0672,-0.69666,-0.23222,0,0.78691,-1.0341,-0.34469,0
6.1461,-0.84119,1.2419,1.914,2.1661,-1.0591,-0.71733,-0.23911,0,0.80386,-1.0333,-0.34442,0
6.1662,-0.86229,1.2274,1.9091,2.1832,-1.0504,-0.73798,-0.24599,0,0.82085,-1.032,-0.34399,0
6.1862,-0.88321,1.2124,1.9041,2.2004,-1.0414,-0.75861,-0.25287,0,0.83789,-1.0302,-0.34339,0
6.2062,-0.90394,1.197,1.899,2.2176,-1.0318,-0.77919,-0.25973,0,0.85496,-1.0279,-0.34262,0
6.2262,-0.92448,1.1812,1.8937,2.2349,-1.0218,-0.79972,-0.26657,0,0.87205,-1.025,-0.34167,0
6.2462,-0.94481,1.165,1.8883,2.2522,-1.0114,-0.82019,-0.2734,0,0.88915,-1.0216,-0.34054,0
6.2663,-0.96493,1.1484,1.8828,2.2696,-1.0004,-0.84058,-0.28019,0,0.90626,-1.0177,-0.33924,0
6.2863,-0.98483,1.1314,1.8771,2.287,-0.98904,-0.86089,-0.28696,0,0.92336,-1.0132,-0.33775,0
6.3063,-1.0045,1.114,1.8713,2.3045,-0.97717,-0.88111,-0.2937,0,0.94044,-1.0082,-0.33608,0
6.3263,-1.0239,1.0962,1.8654,2.3221,-0.96483,-0.90122,-0.30041,0,0.95749,-1.0027,-0.33422,0
6.3463,-1.0431,1.078,1.8593,2.3398,-0.95201,-0.92121,-0.30707,0,0.97451,-0.99651,-0.33217,0
6.3664,-1.062,1.0593,1.8531,2.3574,-0.93872,-0.94107,-0.31369,0,0.99148,-0.98979,-0.32993,0
6.3864,-1.0806,1.0403,1.8468,2.3752,-0.92496,-0.9608,-0.32027,0,1.0084,-0.98249,-0.3275,0
6.4064,-1.099,1.0209,1.8403,2.393,-0.91072,-0.98037,-0.32679,0,1.0252,-0.97461,-0.32487,0
6.4264,-1.117,1.0011,1.8337,2.4109,-0.896,-0.99978,-0.33326,0,1.042,-0.96615,-0.32205,0
6.4464,-1.1348,0.98091,1.827,2.4288,-0.88081,-1.019,-0.33967,0,1.0586,-0.95709,-0.31903,0
6.4665,-1.1523,0.96034,1.8201,2.4468,-0.86514,-1.0381,-0.34602,0,1.0752,-0.94743,-0.31581,0
6.4865,-1.1694,0.93939,1.8131,2.4648,-0.84901,-1.0569,-0.3523,0,1.0917,-0.93718,-0.31239,0
6.5065,-1.1862,0.91807,1.806,2.4829,-0.83239,-1.0755,-0.35851,0,1.108,-0.92631,-0.30877,0
6.5265,-1.2027,0.89637,1.7988,2.5011,-0.81531,-1.094,-0.36465,0,1.1242,-0.91484,-0.30495,0
6.5465,-1.2188,0.87431,1.7914,2.5193,-0.79776,-1.1121,-0.37071,0,1.1402,-0.90276,-0.30092,0
6.5666,-1.2346,0.85189,1.784,2.5376,-0.77974,-1.1301,-0.37669,0,1.156,-0.89007,-0.29669,0
6.5866,-1.25,0.82911,1.7764,2.5559,-0.76125,-1.1477,-0.38258,0,1.1717,-0.87676,-0.29225,0
6.6066,-1.2651,0.80598,1.7687,2.5743,-0.74231,-1.1651,-0.38837,0,1.1872,-0.86283,-0.28761,0
6.6266,-1.2797,0.78251,1.7608,2.5928,-0.7229,-1.1822,-0.39408,0,1.2025,-0.84828,-0.28276,0
6.6466,-1.294,0.75869,1.7529,2.6113,-0.70303,-1.1991,-0.39968,0,1.2176,-0.83312,-0.27771,0
6.6667,-1.3078,0.73455,1.7448,2.6299,-0.68272,-1.2156,-0.40519,0,1.2324,-0.81733,-0.27244,0
6.6867,-1.3213,0.71007,1.7367,2.6485,-0.66195,-1.2317,-0.41058,0,1.2471,-0.80093,-0.26698,0
6.7067,-1.3343,0.68528,1.7284,2.6671,-0.64074,-1.2476,-0.41586,0,1.2614,-0.7839,-0.2613,0
6.7267,-1.3469,0.66017,1.7201,2.6859,-0.61909,-1.2631,-0.42103,0,1.2755,-0.76626,-0.25542,0
6.7467,-1.3591,0.63476,1.7116,2.7046,-0.597,-1.2782,-0.42608,0,1.2893,-0.74799,-0.24933,0
6.7668,-1.3708,0.60904,1.703,2.7235,-0.57449,-1.293,-0.431,0,1.3028,-0.72912,-0.24304,0
6.7868,-1.3821,0.58304,1.6943,2.7424,-0.55155,-1.3074,-0.4358,0,1.316,-0.70962,-0.23654,0
6.8068,-1.3928,0.55675,1.6856,2.7613,-0.52819,-1.3214,-0.44046,0,1.3289,-0.68952,-0.22984,0
6.8268,-1.4032,0.53019,1.6767,2.7803,-0.50442,-1.335,-0.44499,0,1.3415,-0.66881,-0.22294,0
6.8468,-1.413,0.50335,1.6678,2.7994,-0.48024,-1.3481,-0.44938,0,1.3537,-0.6475,-0.21583,0
6.8669,-1.4224,0.47626,1.6588,2.8185,-0.45567,-1.3609,-0.45362,0,1.3655,-0.62558,-0.20853,0
6.8869,-1.4312,0.44892,1.6496,2.8377,-0.4307,-1.3732,-0.45772,0,1.377,-0.60307,-0.20102,0
6.9069,-1.4396,0.42134,1.6404,2.8569,-0.40535,-1.385,-0.46166,0,1.388,-0.57997,-0.19332,0
6.9269,-1.4475,0.39353,1.6312,2.8761,-0.37963,-1.3964,-0.46545,0,1.3987,-0.55629,-0.18543,0
6.9469,-1.4548,0.36549,1.6218,2.8955,-0.35354,-1.4072,-0.46908,0,1.409,-0.53203,-0.17734,0
6.967,-1.4616,0.33724,1.6124,2.9148,-0.3271,-1.4176,-0.47254,0,1.4188,-0.50719,-0.16906,0
6.987,-1.4679,0.30879,1.6029,2.9343,-0.3003,-1.4275,-0.47584,0,1.4282,-0.48179,-0.1606,0
7.007,-1.4736,0.28014,1.5934,2.9537,-0.27316,-1.4369,-0.47897,0,1.4371,-0.45584,-0.15195,0
7.027,-1.4788,0.25132,1.5838,2.9733,-0.2457,-1.4457,-0.48192,0,1.4456,-0.42934,-0.14311,0
7.047,-1.4834,0.22232,1.5741,2.9928,-0.21792,-1.4541,-0.48469,0,1.4536,-0.4023,-0.1341,0
7.0671,-1.4875,0.19316,1.5644,3.0125,-0.18982,-1.4618,-0.48728,0,1.461,-0.37472,-0.12491,0
7.0871,-1.491,0.16385,1.5546,3.0321,-0.16143,-1.4691,-0.48968,0,1.468,-0.34663,-0.11554,0
7.1071,-1.494,0.1344,1.5448,3.0519,-0.13276,-1.4757,-0.4919,0,1.4745,-0.31803,-0.10601,0
7.1271,-1.4963,0.10482,1.5349,3.0717,-0.1038,-1.4818,-0.49392,0,1.4804,-0.28893,-0.096311,0
7.1471,-1.4981,0.075132,1.525,3.0915,-0.074587,-1.4873,-0.49575,0,1.4858,-0.25934,-0.086448,0
7.1672,-1.4993,0.045337,1.5151,3.1114,-0.04512,-1.4921,-0.49738,0,1.4906,-0.22928,-0.076427,0
7.1872,-1.4999,0.01545,1.5052,3.1313,-0.015414,-1.4964,-0.49881,0,1.4948,-0.19876,-0.066253,0
7.2072,-1.4999,-0.014516,1.4952,-3.1319,0.014518,-1.5001,-0.50003,0,1.4985,-0.16778,-0.055928,0
7.2272,-1.4993,-0.044549,1.4852,-3.1119,0.044662,-1.5031,-0.50104,0,1.5015,-0.13637,-0.045458,0
7.2472,-1.4981,-0.074637,1.4751,-3.0918,0.075006,-1.5055,-0.50185,0,1.504,-0.10454,-0.034847,0
7.2673,-1.4963,-0.10477,1.4651,-3.0717,0.10553,-1.5073,-0.50244,0,1.5059,-0.072302,-0.024101,0
7.2873,-1.4939,-0.13493,1.455,-3.0515,0.13624,-1.5084,-0.50281,0,1.5071,-0.03967,-0.013223,0
7.3073,-1.4909,-0.1651,1.445,-3.0313,0.16709,-1.5089,-0.50296,0,1.5077,-0.0066628,-0.0022209,0
7.3273,-1.4872,-0.19528,1.4349,-3.011,0.19809,-1.5087,-0.5029,0,1.5076,0.026705,0.0089017,0
7.3473,-1.483,-0.22544,1.4249,-2.9907,0.22922,-1.5078,-0.50261,0,1.5069,0.060417,0.020139,0
7.3674,-1.4781,-0.25558,1.4148,-2.9704,0.26046,-1.5063,-0.50209,0,1.5055,0.094455,0.031485,0
7.3874,-1.4725,-0.28569,1.4048,-2.95,0.2918,-1.504,-0.50135,0,1.5034,0.1288,0.042934,0
7.4074,-1.4664,-0.31574,1.3948,-2.9295,0.32322,-1.5011,-0.50037,0,1.5006,0.16344,0.05448,0
7.4274,-1.4596,-0.34573,1.3848,-2.909,0.3547,-1.4975,-0.49917,0,1.4972,0.19835,0.066116,0
7.4474,-1.4522,-0.37564,1.3748,-2.8885,0.38624,-1.4932,-0.49773,0,1.493,0.23351,0.077837,0
7.4675,-1.4442,-0.40545,1.3648,-2.8679,0.4178,-1.4882,-0.49605,0,1.4881,0.26891,0.089636,0
7.4875,-1.4355,-0.43516,1.3549,-2.8473,0.44939,-1.4824,-0.49414,0,1.4825,0.30452,0.10151,0
7.5075,-1.4262,-0.46474,1.3451,-2.8266,0.48097,-1.476,-0.49199,0,1.4762,0.34032,0.11344,0
7.5275,-1.4163,-0.49419,1.3353,-2.8059,0.51253,-1.4688,-0.4896,0,1.4691,0.3763,0.12543,0
7.5475,-1.4057,-0.52349,1.3255,-2.7851,0.54406,-1.4609,-0.48698,0,1.4614,0.41243,0.13748,0
7.5676,-1.3945,-0.55263,1.3158,-2.7643,0.57554,-1.4523,-0.48411,0,1.4528,0.44869,0.14956,0
7.5876,-1.3827,-0.58158,1.3061,-2.7434,0.60695,-1.443,-0.48099,0,1.4435,0.48505,0.16168,0
7.6076,-1.3702,-0.61034,1.2966,-2.7225,0.63827,-1.4329,-0.47764,0,1.4335,0.52151,0.17384,0
7.6276,-1.3571,-0.63889,1.287,-2.7016,0.66948,-1.4221,-0.47404,0,1.4226,0.55802,0.18601,0
7.6476,-1.3434,-0.66722,1.2776,-2.6806,0.70057,-1.4106,-0.4702,0,1.4111,0.59458,0.19819,0
7.6677,-1.3291,-0.69531,1.2682,-2.6596,0.73152,-1.3983,-0.46611,0,1.3987,0.63115,0.21038,0
7.6877,-1.3142,-0.72315,1.259,-2.6385,0.76231,-1.3853,-0.46178,0,1.3856,0.66772,0.22257,0
7.7077,-1.2986,-0.75072,1.2498,-2.6174,0.79292,-1.3716,-0.45721,0,1.3717,0.70426,0.23475,0
7.7277,-1.2825,-0.77801,1.2407,-2.5963,0.82333,-1.3572,-0.45239,0,1.357,0.74074,0.24691,0
7.7477,-1.2657,-0.805,1.2317,-2.5751,0.85353,-1.342,-0.44733,0,1.3416,0.77714,0.25905,0
7.7678,-1.2483,-0.83168,1.2228,-2.5539,0.8835,-1.3261,-0.44203,0,1.3254,0.81344,0.27115,0
7.7878,-1.2304,-0.85804,1.214,-2.5326,0.91321,-1.3095,-0.43649,0,1.3084,0.84962,0.28321,0
7.8078,-1.2118,-0.88406,1.2053,-2.5113,0.94265,-1.2921,-0.4307,0,1.2906,0.88564,0.29521,0
7.8278,-1.1926,-0.90972,1.1968,-2.49,0.9718,-1.274,-0.42468,0,1.272,0.92148,0.30716,0
7.8478,-1.1729,-0.93501,1.1883,-2.4686,1.0006,-1.2552,-0.41842,0,1.2527,0.95711,0.31904,0
7.8679,-1.1526,-0.95992,1.18,-2.4472,1.0292,-1.2358,-0.41192,0,1.2326,0.99252,0.33084,0
7.8879,-1.1318,-0.98444,1.1719,-2.4257,1.0573,-1.2155,-0.40518,0,1.2117,1.0277,0.34256,0
7.9079,-1.1103,-1.0085,1.1638,-2.4042,1.0851,-1.1946,-0.39822,0,1.19,1.0625,0.35418,0
7.9279,-1.0884,-1.0322,1.1559,-2.3827,1.1125,-1.1731,-0.39102,0,1.1676,1.0971,0.3657,0
7.9479,-1.0658,-1.0555,1.1482,-2.3611,1.1396,-1.1508,-0.38359,0,1.1444,1.1313,0.37711,0
7.968,-1.0428,-1.0782,1.1406,-2.3395,1.1662,-1.1278,-0.37593,0,1.1205,1.1652,0.38841,0
7.988,-1.0192,-1.1006,1.1331,-2.3178,1.1923,-1.1042,-0.36805,0,1.0958,1.1987,0.39957,0
8.008,-0.99509,-1.1224,1.1259,-2.2961,1.218,-1.0799,-0.35995,0,1.0703,1.2318,0.4106,0
8.028,-0.97047,-1.1438,1.1187,-2.2744,1.2432,-1.0549,-0.35163,0,1.0442,1.2644,0.42148,0
8.048,-0.94536,-1.1646,1.1118,-2.2527,1.268,-1.0293,-0.34309,0,1.0173,1.2966,0.43221,0
8.0681,-0.91976,-1.1849,1.105,-2.2309,1.2922,-1.003,-0.33434,0,0.98964,1.3283,0.44277,0
8.0881,-0.89368,-1.2047,1.0984,-2.209,1.3159,-0.97615,-0.32538,0,0.96131,1.3595,0.45316,0
8.1081,-0.86713,-1.224,1.092,-2.1872,1.339,-0.94865,-0.31622,0,0.93227,1.3901,0.46338,0
8.1281,-0.84012,-1.2427,1.0858,-2.1653,1.3616,-0.92055,-0.30685,0,0.90253,1.4202,0.47341,0
8.1481,-0.81267,-1.2608,1.0797,-2.1433,1.3836,-0.89185,-0.29728,0,0.87211,1.4497,0.48324,0
8.1682,-0.78478,-1.2783,1.0739,-2.1214,1.405,-0.86256,-0.28752,0,0.84103,1.4786,0.49286,0
8.1882,-0.75647,-1.2953,1.0682,-2.0994,1.4258,-0.83271,-0.27757,0,0.80928,1.5068,0.50228,0
8.2082,-0.72775,-1.3116,1.0628,-2.0773,1.446,-0.80229,-0.26743,0,0.77688,1.5344,0.51147,0
8.2282,-0.69863,-1.3274,1.0575,-2.0553,1.4655,-0.77134,-0.25711,0,0.74385,1.5613,0.52043,0
8.2482,-0.66913,-1.3425,1.0525,-2.0332,1.4844,-0.73985,-0.24662,0,0.7102,1.5875,0.52916,0
8.2683,-0.63926,-1.357,1.0477,-2.0111,1.5025,-0.70784,-0.23595,0,0.67594,1.6129,0.53764,0
8.2883,-0.60904,-1.3708,1.0431,-1.9889,1.52,-0.67534,-0.22511,0,0.64109,1.6376,0.54587,0
8.3083,-0.57847,-1.384,1.0387,-1.9667,1.5368,-0.64234,-0.21411,0,0.60566,1.6615,0.55384,0
8.3283,-0.54757,-1.3965,1.0345,-1.9445,1.5528,-0.60888,-0.20296,0,0.56968,1.6846,0.56154,0
8.3483,-0.51636,-1.4083,1.0306,-1.9222,1.5682,-0.57496,-0.19165,0,0.53315,1.7069,0.56896,0
8.3684,-0.48485,-1.4195,1.0268,-1.8999,1.5827,-0.54061,-0.1802,0,0.49609,1.7283,0.57611,0
8.3884,-0.45305,-1.4299,1.0234,-1.8776,1.5965,-0.50584,-0.16861,0,0.45853,1.7489,0.58296,0
8.4084,-0.42099,-1.4397,1.0201,-1.8553,1.6096,-0.47066,-0.15689,0,0.42047,1.7686,0.58952,0
8.4284,-0.38868,-1.4488,1.0171,-1.8329,1.6218,-0.4351,-0.14503,0,0.38195,1.7873,0.59578,0
8.4484,-0.35612,-1.4571,1.0143,-1.8105,1.6333,-0.39917,-0.13306,0,0.34297,1.8052,0.60172,0
8.4685,-0.32335,-1.4647,1.0118,-1.7881,1.6439,-0.3629,-0.12097,0,0.30356,1.8221,0.60735,0
8.4885,-0.29037,-1.4716,1.0095,-1.7656,1.6537,-0.3263,-0.10877,0,0.26374,1.838,0.61266,0
8.5085,-0.25721,-1.4778,1.0074,-1.7431,1.6627,-0.28939,-0.096463,0,0.22354,1.8529,0.61764,0
8.5285,-0.22387,-1.4832,1.0056,-1.7206,1.6708,-0.25219,-0.084063,0,0.18296,1.8669,0.62229,0
8.5485,-0.19038,-1.4879,1.004,-1.6981,1.6781,-0.21472,-0.071573,0,0.14204,1.8798,0.62659,0
8.5686,-0.15676,-1.4918,1.0027,-1.6755,1.6845,-0.177,-0.059001,0,0.10079,1.8917,0.63055,0
8.5886,-0.12301,-1.4949,1.0017,-1.6529,1.69,-0.13906,-0.046354,0,0.059238,1.9025,0.63417,0
8.6086,-0.08916,-1.4973,1.0009,-1.6303,1.6947,-0.10091,-0.033637,0,0.017411,1.9123,0.63743,0
8.6286,-0.055227,-1.499,1.0003,-1.6076,1.6985,-0.062577,-0.020859,0,-0.024671,1.921,0.64032,0
8.6486,-0.021228,-1.4998,1.0001,-1.5849,1.7013,-0.024079,-0.0080265,0,-0.066983,1.9286,0.64286,0
8.6687,0.012821,-1.4999,1,-1.5622,1.7033,0.014559,0.004853,0,-0.1095,1.9351,0.64503,0
8.6887,0.046899,-1.4993,1.0002,-1.5395,1.7044,0.053316,0.017772,0,-0.1522,1.9405,0.64682,0
8.7087,0.080991,-1.4978,1.0007,-1.5168,1.7046,0.09217,0.030723,0,-0.19505,1.9447,0.64824,0
8.7287,0.11508,-1.4956,1.0015,-1.494,1.7038,0.1311,0.043699,0,-0.23804,1.9479,0.64929,0
8.7487,0.14914,-1.4926,1.0025,-1.4712,1.7021,0.17008,0.056692,0,-0.28113,1.9498,0.64995,0
8.7688,0.18316,-1.4888,1.0037,-1.4484,1.6995,0.20908,0.069695,0,-0.3243,1.9507,0.65022,0
8.7888,0.21711,-1.4842,1.0053,-1.4255,1.696,0.2481,0.082699,0,-0.36752,1.9503,0.65011,0
8.8088,0.25099,-1.4789,1.007,-1.4027,1.6916,0.28709,0.095697,0,-0.41076,1.9488,0.64961,0
8.8288,0.28477,-1.4727,1.0091,-1.3798,1.6862,0.32604,0.10868,0,-0.45401,1.9462,0.64872,0
8.8488,0.31843,-1.4658,1.0114,-1.3569,1.6799,0.36493,0.12164,0,-0.49723,1.9423,0.64744,0
8.8689,0.35196,-1.4581,1.014,-1.334,1.6726,0.40373,0.13458,0,-0.54039,1.9373,0.64576,0
8.8889,0.38533,-1.4497,1.0168,-1.311,1.6644,0.44241,0.14747,0,-0.58347,1.9311,0.64369,0
8.9089,0.41853,-1.4404,1.0199,-1.288,1.6553,0.48096,0.16032,0,-0.62644,1.9237,0.64122,0
8.9289,0.45153,-1.4304,1.0232,-1.265,1.6453,0.51935,0.17312,0,-0.66927,1.9151,0.63836,0
8.9489,0.48433,-1.4197,1.0268,-1.242,1.6343,0.55756,0.18585,0,-0.71193,1.9053,0.63509,0
8.969,0.5169,-1.4081,1.0306,-1.219,1.6224,0.59555,0.19852,0,-0.75441,1.8943,0.63144,0
8.989,0.54922,-1.3958,1.0347,-1.1959,1.6096,0.63332,0.21111,0,-0.79666,1.8822,0.62738,0
9.009,0.58128,-1.3828,1.0391,-1.1729,1.5958,0.67083,0.22361,0,-0.83866,1.8688,0.62294,0
9.029,0.61305,-1.369,1.0437,-1.1498,1.5812,0.70807,0.23602,0,-0.88039,1.8543,0.61809,0
9.049,0.64452,-1.3545,1.0485,-1.1267,1.5656,0.745,0.24833,0,-0.92182,1.8386,0.61286,0
9.0691,0.67567,-1.3392,1.0536,-1.1035,1.5492,0.7816,0.26053,0,-0.96291,1.8217,0.60724,0
9.0891,0.70648,-1.3232,1.0589,-1.0804,1.5318,0.81786,0.27262,0,-1.0036,1.8037,0.60122,0
9.1091,0.73693,-1.3065,1.0645,-1.0572,1.5136,0.85374,0.28458,0,-1.044,1.7845,0.59482,0
9.1291,0.76702,-1.2891,1.0703,-1.034,1.4945,0.88923,0.29641,0,-1.0839,1.7641,0.58804,0
9.1491,0.79671,-1.2709,1.0764,-1.0109,1.4745,0.9243,0.3081,0,-1.1234,1.7426,0.58088,0
9.1692,0.82599,-1.2521,1.0826,-0.98764,1.4536,0.95893,0.31964,0,-1.1624,1.72,0.57333,0
9.1892,0.85485,-1.2326,1.0891,-0.96442,1.4319,0.99309,0.33103,0,-1.201,1.6963,0.56542,0
9.2092,0.88326,-1.2124,1.0959,-0.94117,1.4094,1.0268,0.34226,0,-1.239,1.6714,0.55714,0
9.2292,0.91121,-1.1915,1.1028,-0.91792,1.386,1.0599,0.35331,0,-1.2764,1.6455,0.54849,0
9.2492,0.93869,-1.17,1.11,-0.89465,1.3618,1.0926,0.36419,0,-1.3133,1.6184,0.53948,0
9.2693,0.96568,-1.1478,1.1174,-0.87136,1.3368,1.1247,0.37489,0,-1.3496,1.5903,0.53011,0
9.2893,0.99216,-1.125,1.125,-0.84806,1.311,1.1562,0.3854,0,-1.3853,1.5612,0.5204,0
9.3093,1.0181,-1.1016,1.1328,-0.82475,1.2844,1.1871,0.3957,0,-1.4203,1.531,0.51034,0
9.3293,1.0435,-1.0775,1.1408,-0.80142,1.2571,1.2174,0.40581,0,-1.4546,1.4998,0.49994,0
9.3493,1.0684,-1.0529,1.149,-0.77808,1.229,1.2471,0.4157,0,-1.4883,1.4676,0.4892,0
9.3694,1.0927,-1.0276,1.1575,-0.75473,1.2002,1.2761,0.42537,0,-1.5212,1.4344,0.47814,0
9.3894,1.1164,-1.0018,1.1661,-0.73137,1.1706,1.3045,0.43482,0,-1.5534,1.4003,0.46676,0
9.4094,1.1395,-0.97546,1.1748,-0.70799,1.1404,1.3321,0.44404,0,-1.5848,1.3652,0.45507,0
9.4294,1.162,-0.94855,1.1838,-0.68461,1.1094,1.3591,0.45302,0,-1.6154,1.3292,0.44307,0
9.4494,1.1839,-0.92111,1.193,-0.66121,1.0778,1.3853,0.46176,0,-1.6452,1.2923,0.43077,0
9.4695,1.2051,-0.89314,1.2023,-0.6378,1.0456,1.4108,0.47025,0,-1.6741,1.2545,0.41818,0
9.4895,1.2257,-0.86468,1.2118,-0.61438,1.0127,1.4355,0.47849,0,-1.7022,1.2159,0.4053,0
9.5095,1.2456,-0.83573,1.2214,-0.59095,0.97916,1.4594,0.48646,0,-1.7295,1.1765,0.39215,0
9.5295,1.2649,-0.80631,1.2312,-0.56752,0.94506,1.4825,0.49417,0,-1.7558,1.1362,0.37874,0
9.5495,1.2834,-0.77644,1.2412,-0.54407,0.91039,1.5048,0.50161,0,-1.7812,1.0952,0.36507,0
9.5696,1.3013,-0.74612,1.2513,-0.52062,0.87516,1.5263,0.50877,0,-1.8057,1.0534,0.35114,0
9.5896,1.3184,-0.71539,1.2615,-0.49715,0.8394,1.547,0.51565,0,-1.8293,1.0109,0.33698,0
9.6096,1.3348,-0.68425,1.2719,-0.47368,0.80313,1.5667,0.52225,0,-1.8518,0.96777,0.32259,0
9.6296,1.3505,-0.65272,1.2824,-0.4502,0.76637,1.5857,0.52856,0,-1.8734,0.92393,0.30798,0
9.6496,1.3655,-0.62083,1.2931,-0.42672,0.72913,1.6037,0.53457,0,-1.894,0.87945,0.29315,0
9.6697,1.3797,-0.58858,1.3038,-0.40323,0.69145,1.6208,0.54028,0,-1.9135,0.83438,0.27813,0
9.6897,1.3931,-0.556,1.3147,-0.37973,0.65335,1.6371,0.54569,0,-1.9321,0.78872,0.26291,0
9.7097,1.4058,-0.52311,1.3256,-0.35622,0.61485,1.6524,0.5508,0,-1.9496,0.74253,0.24751,0
9.7297,1.4177,-0.48991,1.3367,-0.33271,0.57597,1.6668,0.55559,0,-1.966,0.69582,0.23194,0
9.7497,1.4289,-0.45644,1.3479,-0.3092,0.53673,1.6802,0.56007,0,-1.9814,0.64864,0.21621,0
9.7698,1.4392,-0.42271,1.3591,-0.28568,0.49717,1.6927,0.56424,0,-1.9957,0.601,0.20033,0
9.7898,1.4488,-0.38874,1.3704,-0.26215,0.4573,1.7043,0.56808,0,-2.0088,0.55295,0.18432,0
9.8098,1.4575,-0.35455,1.3818,-0.23862,0.41714,1.7148,0.57161,0,-2.0209,0.50452,0.16817,0
9.8298,1.4654,-0.32015,1.3933,-0.21509,0.37674,1.7244,0.57481,0,-2.0319,0.45574,0.15191,0
9.8498,1.4726,-0.28558,1.4048,-0.19155,0.33609,1.7331,0.57769,0,-2.0418,0.40664,0.13555,0
9.8699,1.4789,-0.25084,1.4164,-0.16801,0.29524,1.7407,0.58023,0,-2.0505,0.35726,0.11909,0
9.8899,1.4844,-0.21595,1.428,-0.14447,0.25421,1.7473,0.58245,0,-2.0581,0.30764,0.10255,0
9.9099,1.489,-0.18095,1.4397,-0.12093,0.21303,1.753,0.58433,0,-2.0646,0.2578,0.085933,0
9.9299,1.4929,-0.14584,1.4514,-0.097381,0.17171,1.7577,0.58589,0,-2.0699,0.20778,0.069261,0
9.9499,1.4959,-0.11065,1.4631,-0.073834,0.13028,1.7613,0.5871,0,-2.0741,0.15762,0.052541,0
9.97,1.4981,-0.075395,1.4749,-0.050285,0.088775,1.764,0.58799,0,-2.0771,0.10735,0.035784,0
9.99,1.4995,-0.040098,1.4866,-0.026735,0.047215,1.7656,0.58853,0,-2.079,0.057008,0.019003,0
10.01,1.5,-0.004778,1.4984,-0.0031853,0.005626,1.7662,0.58875,0,-2.0797,0.0066247,0.0022082,0
10.03,1.4997,0.030545,1.5102,0.020365,-0.035966,1.7659,0.58862,0,-2.0793,-0.043763,-0.014588,0
10.05,1.4986,0.06585,1.522,0.043914,-0.077536,1.7645,0.58816,0,-2.0777,-0.094119,-0.031373,0
10.07,1.4966,0.10112,1.5337,0.067463,-0.11906,1.7621,0.58737,0,-2.075,-0.14441,-0.048136,0
10.09,1.4938,0.13633,1.5454,0.091011,-0.16051,1.7587,0.58624,0,-2.0711,-0.1946,-0.064866,0
10.11,1.4902,0.17146,1.5572,0.11456,-0.20185,1.7543,0.58477,0,-2.0661,-0.24465,-0.081551,0
10.13,1.4857,0.20649,1.5688,0.1381,-0.24308,1.7489,0.58298,0,-2.0599,-0.29454,-0.098179,0
10.15,1.4804,0.24141,1.5805,0.16164,-0.28415,1.7425,0.58085,0,-2.0526,-0.34421,-0.11474,0
10.17,1.4744,0.27619,1.5921,0.18518,-0.32505,1.7352,0.57839,0,-2.0442,-0.39365,-0.13122,0
10.19,1.4674,0.31081,1.6036,0.20872,-0.36574,1.7268,0.5756,0,-2.0346,-0.44282,-0.14761,0
10.21,1.4597,0.34525,1.6151,0.23225,-0.40621,1.7175,0.57248,0,-2.0239,-0.49168,-0.16389,0
10.23,1.4512,0.3795,1.6265,0.25578,-0.44643,1.7071,0.56904,0,-2.0121,-0.54019,-0.18006,0
10.25,1.4419,0.41353,1.6378,0.27931,-0.48637,1.6958,0.56528,0,-1.9992,-0.58834,-0.19611,0
10.27,1.4317,0.44733,1.6491,0.30283,-0.52602,1.6836,0.5612,0,-1.9852,-0.63607,-0.21202,0
10.29,1.4208,0.48087,1.6603,0.32634,-0.56534,1.6704,0.5568,0,-1.9702,-0.68337,-0.22779,0
10.31,1.4091,0.51414,1.6714,0.34985,-0.60431,1.6563,0.55209,0,-1.954,-0.73019,-0.2434,0
10.33,1.3967,0.54712,1.6824,0.37336,-0.64291,1.6412,0.54707,0,-1.9368,-0.77651,-0.25884,0
10.35,1.3834,0.57978,1.6933,0.39686,-0.68111,1.6252,0.54174,0,-1.9185,-0.82229,-0.2741,0
10.37,1.3694,0.61212,1.704,0.42035,-0.7189,1.6083,0.53611,0,-1.8993,-0.8675,-0.28917,0
10.39,1.3547,0.64411,1.7147,0.44383,-0.75625,1.5905,0.53017,0,-1.8789,-0.91212,-0.30404,0
10.41,1.3392,0.67573,1.7252,0.46731,-0.79313,1.5718,0.52394,0,-1.8576,-0.95612,-0.31871,0
10.43,1.3229,0.70698,1.7357,0.49078,-0.82953,1.5523,0.51743,0,-1.8353,-0.99945,-0.33315,0
10.45,1.306,0.73782,1.7459,0.51425,-0.86542,1.5319,0.51062,0,-1.812,-1.0421,-0.34737,0
10.47,1.2883,0.76824,1.7561,0.5377,-0.90078,1.5106,0.50353,0,-1.7878,-1.084,-0.36135,0
10.49,1.27,0.79824,1.7661,0.56115,-0.9356,1.4885,0.49617,0,-1.7627,-1.1252,-0.37508,0
10.511,1.2509,0.82778,1.7759,0.58458,-0.96984,1.4656,0.48853,0,-1.7366,-1.1657,-0.38856,0
10.531,1.2312,0.85686,1.7856,0.60801,-1.0035,1.4419,0.48063,0,-1.7096,-1.2053,-0.40177,0
10.551,1.2108,0.88545,1.7951,0.63143,-1.0365,1.4174,0.47246,0,-1.6817,-1.2441,-0.41471,0
10.571,1.1897,0.91355,1.8045,0.65484,-1.069,1.3921,0.46404,0,-1.653,-1.2821,-0.42737,0
10.591,1.168,0.94113,1.8137,0.67823,-1.1007,1.3661,0.45537,0,-1.6234,-1.3192,-0.43974,0
10.611,1.1457,0.96818,1.8227,0.70162,-1.1318,1.3394,0.44645,0,-1.593,-1.3554,-0.45181,0
10.631,1.1228,0.9947,1.8316,0.725,-1.1623,1.3119,0.4373,0,-1.5618,-1.3907,-0.46358,0
10.651,1.0992,1.0207,1.8402,0.74836,-1.192,1.2837,0.42791,0,-1.5299,-1.4251,-0.47503,0
10.671,1.0751,1.046,1.8487,0.77171,-1.221,1.2549,0.4183,0,-1.4972,-1.4585,-0.48617,0
10.691,1.0504,1.0708,1.8569,0.79505,-1.2493,1.2254,0.40847,0,-1.4637,-1.491,-0.49698,0
10.711,1.0251,1.0951,1.865,0.81838,-1.2768,1.1953,0.39842,0,-1.4296,-1.5224,-0.50746,0
10.731,0.99931,1.1187,1.8729,0.84169,-1.3036,1.1645,0.38817,0,-1.3948,-1.5528,-0.51761,0
10.751,0.97297,1.1416,1.8805,0.86499,-1.3296,1.1332,0.37772,0,-1.3593,-1.5822,-0.52741,0
10.771,0.94613,1.164,1.888,0.88827,-1.3548,1.1012,0.36708,0,-1.3232,-1.6106,-0.53686,0
10.791,0.91879,1.1857,1.8952,0.91155,-1.3792,1.0687,0.35625,0,-1.2865,-1.6379,-0.54595,0
10.811,0.89097,1.2067,1.9022,0.9348,-1.4028,1.0357,0.34524,0,-1.2492,-1.6641,-0.55469,0
10.831,0.86268,1.2271,1.909,0.95805,-1.4255,1.0022,0.33406,0,-1.2113,-1.6892,-0.56306,0
10.851,0.83395,1.2468,1.9156,0.98127,-1.4475,0.96817,0.32272,0,-1.173,-1.7132,-0.57106,0
10.871,0.80479,1.2658,1.9219,1.0045,-1.4685,0.93367,0.31122,0,-1.1341,-1.7361,-0.5787,0
10.891,0.77521,1.2842,1.9281,1.0277,-1.4888,0.89873,0.29958,0,-1.0947,-1.7579,-0.58595,0
10.911,0.74524,1.3018,1.9339,1.0509,-1.5081,0.86336,0.28779,0,-1.0549,-1.7785,-0.59283,0
10.931,0.71489,1.3187,1.9396,1.074,-1.5266,0.8276,0.27587,0,-1.0147,-1.798,-0.59932,0
10.951,0.68419,1.3349,1.945,1.0972,-1.5442,0.79145,0.26382,0,-0.97412,-1.8163,-0.60543,0
10.971,0.65313,1.3503,1.9501,1.1203,-1.5609,0.75495,0.25165,0,-0.93314,-1.8334,-0.61115,0
10.991,0.62176,1.3651,1.955,1.1434,-1.5766,0.71812,0.23937,0,-0.89183,-1.8494,-0.61648,0
11.011,0.59007,1.3791,1.9597,1.1665,-1.5915,0.68099,0.227,0,-0.85021,-1.8642,-0.62142,0
11.031,0.5581,1.3923,1.9641,1.1896,-1.6055,0.64356,0.21452,0,-0.8083,-1.8779,-0.62596,0
11.051,0.52586,1.4048,1.9683,1.2126,-1.6186,0.60588,0.20196,0,-0.76614,-1.8903,-0.63011,0
11.071,0.49337,1.4165,1.9722,1.2356,-1.6307,0.56796,0.18932,0,-0.72375,-1.9016,-0.63387,0
11.091,0.46064,1.4275,1.9758,1.2587,-1.6419,0.52982,0.17661,0,-0.68116,-1.9117,-0.63723,0
11.111,0.4277,1.4377,1.9792,1.2817,-1.6522,0.4915,0.16383,0,-0.6384,-1.9206,-0.64019,0
11.131,0.39456,1.4472,1.9824,1.3046,-1.6616,0.45301,0.151,0,-0.5955,-1.9283,-0.64276,0
11.151,0.36124,1.4559,1.9853,1.3276,-1.67,0.41437,0.13812,0,-0.55248,-1.9348,-0.64493,0
11.171,0.32776,1.4638,1.9879,1.3505,-1.6775,0.37562,0.12521,0,-0.50937,-1.9401,-0.64671,0
11.191,0.29414,1.4709,1.9903,1.3734,-1.6841,0.33678,0.11226,0,-0.4662,-1.9443,-0.64809,0
11.211,0.26041,1.4772,1.9924,1.3963,-1.6897,0.29786,0.099287,0,-0.42299,-1.9472,-0.64908,0
11.231,0.22656,1.4828,1.9943,1.4192,-1.6944,0.2589,0.086299,0,-0.37978,-1.949,-0.64968,0
11.251,0.19264,1.4876,1.9959,1.442,-1.6982,0.21991,0.073302,0,-0.33658,-1.9497,-0.64989,0
11.271,0.15864,1.4916,1.9972,1.4648,-1.701,0.18092,0.060306,0,-0.29343,-1.9491,-0.64971,0
11.291,0.1246,1.4948,1.9983,1.4876,-1.7029,0.14195,0.047317,0,-0.25036,-1.9474,-0.64914,0
11.311,0.090531,1.4973,1.9991,1.5104,-1.7039,0.10303,0.034343,0,-0.20738,-1.9446,-0.6482,0
11.331,0.05645,1.4989,1.9996,1.5332,-1.704,0.064173,0.021391,0,-0.16452,-1.9406,-0.64688,0
11.351,0.022376,1.4998,1.9999,1.5559,-1.7032,0.02541,0.00847,0,-0.12182,-1.9355,-0.64518,0
11.371,-0.011672,1.5,2,1.5786,-1.7015,-0.01324,-0.0044135,0,-0.079285,-1.9293,-0.6431,0
11.391,-0.045677,1.4993,1.9998,1.6013,-1.6988,-0.051755,-0.017252,0,-0.036953,-1.922,-0.64066,0
11.411,-0.07962,1.4979,1.9993,1.6239,-1.6953,-0.090113,-0.030038,0,0.0051546,-1.9136,-0.63786,0
11.431,-0.11348,1.4957,1.9986,1.6465,-1.6909,-0.12829,-0.042764,0,0.047014,-1.9041,-0.6347,0
11.451,-0.14725,1.4928,1.9976,1.6691,-1.6856,-0.16627,-0.055423,0,0.088602,-1.8935,-0.63118,0
11.471,-0.1809,1.4891,1.9964,1.6917,-1.6794,-0.20403,-0.068009,0,0.12989,-1.8819,-0.62731,0
11.491,-0.21442,1.4846,1.9949,1.7142,-1.6724,-0.24154,-0.080513,0,0.17087,-1.8693,-0.62309,0
11.512,-0.24779,1.4794,1.9931,1.7367,-1.6645,-0.27879,-0.09293,0,0.2115,-1.8556,-0.61853,0
11.532,-0.28099,1.4734,1.9911,1.7592,-1.6557,-0.31576,-0.10525,0,0.25177,-1.8409,-0.61364,0
11.552,-0.31401,1.4668,1.9889,1.7817,-1.6462,-0.35242,-0.11747,0,0.29166,-1.8253,-0.60842,0
11.572,-0.34683,1.4594,1.9865,1.8041,-1.6358,-0.38876,-0.12959,0,0.33114,-1.8086,-0.60288,0
11.592,-0.37944,1.4512,1.9837,1.8265,-1.6246,-0.42476,-0.14159,0,0.37019,-1.7911,-0.59702,0
11.612,-0.41181,1.4424,1.9808,1.8489,-1.6125,-0.4604,-0.15347,0,0.4088,-1.7726,-0.59085,0
11.632,-0.44393,1.4328,1.9776,1.8713,-1.5997,-0.49566,-0.16522,0,0.44695,-1.7531,-0.58438,0
11.652,-0.47579,1.4225,1.9742,1.8936,-1.5861,-0.53052,-0.17684,0,0.48461,-1.7328,-0.5776,0
11.672,-0.50738,1.4116,1.9705,1.9159,-1.5718,-0.56496,-0.18832,0,0.52176,-1.7116,-0.57054,0
11.692,-0.53866,1.3999,1.9666,1.9381,-1.5567,-0.59898,-0.19966,0,0.5584,-1.6896,-0.56319,0
11.712,-0.56964,1.3876,1.9625,1.9603,-1.5409,-0.63254,-0.21085,0,0.59449,-1.6667,-0.55557,0
11.732,-0.60029,1.3746,1.9582,1.9825,-1.5243,-0.66564,-0.22188,0,0.63003,-1.643,-0.54768,0
11.752,-0.63061,1.361,1.9537,2.0047,-1.507,-0.69826,-0.23275,0,0.665,-1.6186,-0.53952,0
11.772,-0.66057,1.3467,1.9489,2.0268,-1.489,-0.73038,-0.24346,0,0.69938,-1.5933,-0.53111,0
11.792,-0.69016,1.3318,1.9439,2.0489,-1.4704,-0.76198,-0.25399,0,0.73316,-1.5674,-0.52246,0
11.812,-0.71938,1.3162,1.9387,2.071,-1.4511,-0.79307,-0.26436,0,0.76633,-1.5407,-0.51357,0
11.832,-0.7482,1.3001,1.9334,2.093,-1.4311,-0.82361,-0.27454,0,0.79886,-1.5133,-0.50444,0
11.852,-0.77662,1.2833,1.9278,2.115,-1.4105,-0.8536,-0.28453,0,0.83075,-1.4853,-0.49509,0
11.872,-0.80462,1.2659,1.922,2.137,-1.3893,-0.88302,-0.29434,0,0.86199,-1.4566,-0.48553,0
11.892,-0.83219,1.248,1.916,2.1589,-1.3675,-0.91186,-0.30395,0,0.89255,-1.4273,-0.47576,0
11.912,-0.85931,1.2295,1.9098,2.1808,-1.3451,-0.9401,-0.31337,0,0.92244,-1.3974,-0.4658,0
11.932,-0.88598,1.2104,1.9035,2.2027,-1.3221,-0.96775,-0.32258,0,0.95163,-1.3669,-0.45564,0
11.952,-0.91219,1.1908,1.8969,2.2245,-1.2986,-0.99478,-0.33159,0,0.98013,-1.3359,-0.44531,0
11.972,-0.93792,1.1706,1.8902,2.2463,-1.2745,-1.0212,-0.34039,0,1.0079,-1.3044,-0.4348,0
11.992,-0.96317,1.1499,1.8833,2.268,-1.2499,-1.0469,-0.34898,0,1.035,-1.2724,-0.42412,0
12.012,-0.98792,1.1287,1.8762,2.2898,-1.2249,-1.0721,-0.35736,0,1.0613,-1.2399,-0.41329,0
12.032,-1.0122,1.107,1.869,2.3115,-1.1993,-1.0965,-0.36551,0,1.0869,-1.2069,-0.40231,0
12.052,-1.0359,1.0849,1.8616,2.3331,-1.1733,-1.1203,-0.37345,0,1.1118,-1.1736,-0.3912,0
12.072,-1.0591,1.0622,1.8541,2.3547,-1.1469,-1.1435,-0.38116,0,1.1359,-1.1399,-0.37995,0
12.092,-1.0818,1.0391,1.8464,2.3763,-1.12,-1.1659,-0.38865,0,1.1593,-1.1058,-0.36859,0
12.112,-1.1039,1.0156,1.8385,2.3978,-1.0927,-1.1877,-0.3959,0,1.1819,-1.0713,-0.35711,0
12.132,-1.1255,0.99163,1.8305,2.4193,-1.065,-1.2088,-0.40293,0,1.2037,-1.0366,-0.34552,0
12.152,-1.1465,0.96725,1.8224,2.4408,-1.037,-1.2292,-0.40972,0,1.2248,-1.0015,-0.33384,0
12.172,-1.1669,0.94247,1.8142,2.4622,-1.0086,-1.2488,-0.41628,0,1.2451,-0.96623,-0.32208,0
12.192,-1.1868,0.9173,1.8058,2.4836,-0.9799,-1.2678,-0.42261,0,1.2646,-0.93069,-0.31023,0
12.212,-1.2061,0.89176,1.7973,2.5049,-0.95086,-1.2861,-0.42869,0,1.2834,-0.89495,-0.29832,0
12.232,-1.2249,0.86586,1.7886,2.5262,-0.92153,-1.3036,-0.43454,0,1.3014,-0.85902,-0.28634,0
12.252,-1.243,0.83962,1.7799,2.5475,-0.89193,-1.3204,-0.44014,0,1.3186,-0.82293,-0.27431,0
12.272,-1.2605,0.81305,1.771,2.5687,-0.86207,-1.3365,-0.44551,0,1.335,-0.78671,-0.26224,0
12.292,-1.2775,0.78616,1.7621,2.5899,-0.83196,-1.3519,-0.45063,0,1.3506,-0.75038,-0.25013,0
12.312,-1.2938,0.75898,1.753,2.6111,-0.80164,-1.3665,-0.45552,0,1.3655,-0.71396,-0.23799,0
12.332,-1.3095,0.73151,1.7438,2.6322,-0.77112,-1.3805,-0.46015,0,1.3796,-0.67749,-0.22583,0
12.352,-1.3247,0.70376,1.7346,2.6532,-0.74042,-1.3936,-0.46455,0,1.3929,-0.64097,-0.21366,0
12.372,-1.3392,0.67576,1.7253,2.6743,-0.70955,-1.4061,-0.4687,0,1.4055,-0.60445,-0.20148,0
12.392,-1.353,0.64752,1.7158,2.6952,-0.67853,-1.4178,-0.47261,0,1.4172,-0.56794,-0.18931,0
12.412,-1.3663,0.61906,1.7064,2.7162,-0.64738,-1.4288,-0.47627,0,1.4283,-0.53146,-0.17715,0
12.432,-1.3789,0.59038,1.6968,2.7371,-0.61613,-1.4391,-0.47969,0,1.4385,-0.49504,-0.16501,0
12.452,-1.3909,0.5615,1.6872,2.7579,-0.58478,-1.4486,-0.48287,0,1.448,-0.45869,-0.1529,0
12.472,-1.4023,0.53244,1.6775,2.7787,-0.55336,-1.4574,-0.48581,0,1.4567,-0.42246,-0.14082,0
12.492,-1.4131,0.50321,1.6677,2.7995,-0.52188,-1.4655,-0.48851,0,1.4647,-0.38634,-0.12878,0
12.513,-1.4232,0.47382,1.6579,2.8202,-0.49036,-1.4729,-0.49096,0,1.472,-0.35037,-0.11679,0
12.533,-1.4327,0.4443,1.6481,2.8409,-0.45882,-1.4795,-0.49318,0,1.4785,-0.31457,-0.10486,0
12.553,-1.4416,0.41464,1.6382,2.8615,-0.42728,-1.4855,-0.49516,0,1.4843,-0.27896,-0.092987,0
12.573,-1.4498,0.38488,1.6283,2.8821,-0.39574,-1.4907,-0.4969,0,1.4894,-0.24356,-0.081186,0
12.593,-1.4574,0.35502,1.6183,2.9026,-0.36424,-1.4952,-0.4984,0,1.4938,-0.20838,-0.069461,0
12.613,-1.4644,0.32508,1.6084,2.9231,-0.33278,-1.499,-0.49968,0,1.4974,-0.17346,-0.057818,0
12.633,-1.4707,0.29506,1.5984,2.9436,-0.30138,-1.5022,-0.50072,0,1.5004,-0.13879,-0.046265,0
12.653,-1.4764,0.265,1.5883,2.964,-0.27005,-1.5046,-0.50153,0,1.5026,-0.10442,-0.034807,0
12.673,-1.4815,0.23489,1.5783,2.9844,-0.23882,-1.5063,-0.50211,0,1.5042,-0.070349,-0.02345,0
12.693,-1.486,0.20475,1.5682,3.0047,-0.2077,-1.5074,-0.50247,0,1.5052,-0.0366,-0.0122,0
12.713,-1.4898,0.17459,1.5582,3.0249,-0.1767,-1.5078,-0.5026,0,1.5054,-0.00319,-0.0010633,0
12.733,-1.493,0.14444,1.5481,3.0452,-0.14584,-1.5075,-0.50251,0,1.505,0.029865,0.0099549,0
12.753,-1.4956,0.1143,1.5381,3.0653,-0.11514,-1.5066,-0.5022,0,1.504,0.062548,0.020849,0
12.773,-1.4976,0.08418,1.5281,3.0854,-0.084595,-1.505,-0.50168,0,1.5024,0.094843,0.031614,0
12.793,-1.499,0.0541,1.518,3.1055,-0.054237,-1.5028,-0.50094,0,1.5001,0.12674,0.042245,0
12.813,-1.4998,0.024071,1.508,3.1255,-0.024074,-1.5,-0.49999,0,1.4972,0.15821,0.052737,0
12.833,-1.5,-0.0058944,1.498,-3.1377,0.0058807,-1.4965,-0.49883,0,1.4937,0.18925,0.063085,0
12.853,-1.4996,-0.035784,1.4881,-3.1177,0.035613,-1.4924,-0.49747,0,1.4897,0.21985,0.073284,0
12.873,-1.4986,-0.065586,1.4781,-3.0979,0.065111,-1.4877,-0.4959,0,1.485,0.24999,0.083331,0
12.893,-1.497,-0.095288,1.4682,-3.078,0.094361,-1.4824,-0.49413,0,1.4798,0.27966,0.09322,0
12.913,-1.4948,-0.12488,1.4584,-3.0582,0.12335,-1.4765,-0.49217,0,1.4741,0.30885,0.10295,0
12.933,-1.492,-0.15435,1.4486,-3.0385,0.15207,-1.4701,-0.49002,0,1.4678,0.33754,0.11251,0
12.953,-1.4887,-0.18368,1.4388,-3.0188,0.18051,-1.463,-0.48767,0,1.461,0.36572,0.12191,0
12.973,-1.4848,-0.21286,1.429,-2.9992,0.20865,-1.4554,-0.48514,0,1.4537,0.39339,0.13113,0
12.993,-1.4804,-0.24189,1.4194,-2.9796,0.23648,-1.4473,-0.48243,0,1.4459,0.42053,0.14018,0
13.013,-1.4754,-0.27075,1.4098,-2.9601,0.264,-1.4386,-0.47954,0,1.4376,0.44713,0.14904,0
13.033,-1.4698,-0.29943,1.4002,-2.9406,0.2912,-1.4294,-0.47647,0,1.4288,0.47319,0.15773,0
13.053,-1.4637,-0.32792,1.3907,-2.9212,0.31806,-1.4197,-0.47323,0,1.4196,0.4987,0.16623,0
13.073,-1.4571,-0.35621,1.3813,-2.9018,0.34457,-1.4095,-0.46982,0,1.4099,0.52365,0.17455,0
13.093,-1.4499,-0.3843,1.3719,-2.8825,0.37073,-1.3987,-0.46625,0,1.3998,0.54802,0.18267,0
13.113,-1.4423,-0.41216,1.3626,-2.8632,0.39652,-1.3875,-0.46251,0,1.3893,0.57183,0.19061,0
13.133,-1.4341,-0.4398,1.3534,-2.844,0.42195,-1.3759,-0.45862,0,1.3784,0.59505,0.19835,0
13.153,-1.4254,-0.46719,1.3443,-2.8249,0.44699,-1.3637,-0.45458,0,1.367,0.61768,0.20589,0
13.173,-1.4162,-0.49434,1.3352,-2.8058,0.47164,-1.3512,-0.45039,0,1.3554,0.63972,0.21324,0
13.193,-1.4065,-0.52124,1.3263,-2.7867,0.4959,-1.3382,-0.44605,0,1.3433,0.66116,0.22039,0
13.213,-1.3964,-0.54787,1.3174,-2.7677,0.51976,-1.3247,-0.44158,0,1.3309,0.682,0.22733,0
13.233,-1.3857,-0.57422,1.3086,-2.7488,0.54321,-1.3109,-0.43696,0,1.3181,0.70224,0.23408,0
13.253,-1.3746,-0.6003,1.2999,-2.7299,0.56624,-1.2966,-0.43221,0,1.3051,0.72186,0.24062,0
13.273,-1.3631,-0.62609,1.2913,-2.711,0.58885,-1.282,-0.42734,0,1.2917,0.74088,0.24696,0
13.293,-1.3511,-0.65158,1.2828,-2.6922,0.61103,-1.267,-0.42234,0,1.278,0.75927,0.25309,0
13.313,-1.3387,-0.67676,1.2744,-2.6735,0.63278,-1.2516,-0.41722,0,1.264,0.77706,0.25902,0
13.333,-1.3258,-0.70164,1.2661,-2.6548,0.65409,-1.2359,-0.41198,0,1.2498,0.79422,0.26474,0
13.353,-1.3125,-0.7262,1.2579,-2.6362,0.67496,-1.2199,-0.40663,0,1.2353,0.81077,0.27026,0
13.373,-1.2988,-0.75043,1.2499,-2.6177,0.69538,-1.2035,-0.40117,0,1.2206,0.8267,0.27557,0
13.393,-1.2847,-0.77434,1.2419,-2.5992,0.71535,-1.1868,-0.39561,0,1.2056,0.84201,0.28067,0
13.413,-1.2702,-0.7979,1.234,-2.5807,0.73487,-1.1698,-0.38994,0,1.1904,0.8567,0.28557,0
13.433,-1.2553,-0.82113,1.2263,-2.5623,0.75393,-1.1526,-0.38418,0,1.175,0.87078,0.29026,0
13.453,-1.24,-0.844,1.2187,-2.544,0.77252,-1.135,-0.37833,0,1.1594,0.88424,0.29475,0
13.473,-1.2244,-0.86653,1.2112,-2.5257,0.79066,-1.1172,-0.3724,0,1.1437,0.89708,0.29903,0
13.493,-1.2084,-0.88869,1.2038,-2.5075,0.80833,-1.0991,-0.36637,0,1.1278,0.90931,0.3031,0
13.514,-1.1921,-0.91049,1.1965,-2.4893,0.82553,-1.0808,-0.36027,0,1.1117,0.92093,0.30698,0
13.534,-1.1754,-0.93192,1.1894,-2.4712,0.84226,-1.0623,-0.3541,0,1.0954,0.93194,0.31065,0
13.554,-1.1584,-0.95298,1.1823,-2.4532,0.85851,-1.0435,-0.34785,0,1.0791,0.94235,0.31412,0
13.574,-1.141,-0.97366,1.1754,-2.4352,0.8743,-1.0246,-0.34153,0,1.0626,0.95216,0.31739,0
13.594,-1.1234,-0.99396,1.1687,-2.4173,0.88961,-1.0055,-0.33515,0,1.046,0.96137,0.32046,0
13.614,-1.1055,-1.0139,1.162,-2.3994,0.90445,-0.98615,-0.32872,0,1.0293,0.96998,0.32333,0
13.634,-1.0872,-1.0334,1.1555,-2.3816,0.91882,-0.96667,-0.32222,0,1.0126,0.97801,0.326,0
13.654,-1.0687,-1.0525,1.1492,-2.3638,0.93271,-0.94703,-0.31568,0,0.99575,0.98546,0.32849,0
13.674,-1.0499,-1.0713,1.1429,-2.3461,0.94612,-0.92725,-0.30908,0,0.97885,0.99233,0.33078,0
13.694,-1.0309,-1.0896,1.1368,-2.3285,0.95907,-0.90734,-0.30245,0,0.96191,0.99862,0.33287,0
13.714,-1.0116,-1.1076,1.1308,-2.3109,0.97154,-0.88731,-0.29577,0,0.94492,1.0044,0.33478,0
13.734,-0.99201,-1.1251,1.125,-2.2934,0.98354,-0.86717,-0.28906,0,0.9279,1.0095,0.33651,0
13.754,-0.97223,-1.1423,1.1192,-2.276,0.99506,-0.84694,-0.28231,0,0.91086,1.0141,0.33805,0
13.774,-0.95221,-1.159,1.1137,-2.2586,1.0061,-0.82661,-0.27554,0,0.89381,1.0182,0.3394,0
13.794,-0.93198,-1.1753,1.1082,-2.2412,1.0167,-0.80621,-0.26874,0,0.87677,1.0217,0.34058,0
13.814,-0.91155,-1.1913,1.1029,-2.224,1.0268,-0.78575,-0.26192,0,0.85973,1.0247,0.34157,0
13.834,-0.89091,-1.2068,1.0977,-2.2067,1.0365,-0.76523,-0.25508,0,0.84271,1.0272,0.3424,0
13.854,-0.87009,-1.2219,1.0927,-2.1896,1.0457,-0.74466,-0.24822,0,0.82572,1.0291,0.34305,0
13.874,-0.84909,-1.2365,1.0878,-2.1725,1.0545,-0.72406,-0.24135,0,0.80876,1.0306,0.34352,0
13.894,-0.82791,-1.2508,1.0831,-2.1555,1.0628,-0.70344,-0.23448,0,0.79186,1.0315,0.34384,0
13.914,-0.80658,-1.2647,1.0784,-2.1385,1.0706,-0.68281,-0.2276,0,0.775,1.0319,0.34398,0
13.934,-0.78509,-1.2781,1.074,-2.1216,1.078,-0.66217,-0.22072,0,0.75821,1.0319,0.34397,0
13.954,-0.76346,-1.2912,1.0696,-2.1048,1.085,-0.64153,-0.21384,0,0.74149,1.0314,0.34379,0
13.974,-0.7417,-1.3038,1.0654,-2.088,1.0915,-0.62092,-0.20697,0,0.72485,1.0304,0.34346,0
13.994,-0.71981,-1.316,1.0613,-2.0713,1.0976,-0.60032,-0.20011,0,0.70829,1.0289,0.34298,0
14.014,-0.6978,-1.3278,1.0574,-2.0547,1.1032,-0.57976,-0.19325,0,0.69183,1.027,0.34234,0
14.034,-0.67568,-1.3392,1.0536,-2.0381,1.1084,-0.55924,-0.18641,0,0.67546,1.0247,0.34156,0
14.054,-0.65346,-1.3502,1.0499,-2.0215,1.1132,-0.53878,-0.17959,0,0.6592,1.0219,0.34063,0
14.074,-0.63116,-1.3608,1.0464,-2.0051,1.1176,-0.51837,-0.17279,0,0.64306,1.0187,0.33956,0
14.094,-0.60876,-1.3709,1.043,-1.9887,1.1216,-0.49803,-0.16601,0,0.62704,1.0151,0.33835,0
14.114,-0.5863,-1.3807,1.0398,-1.9724,1.1251,-0.47777,-0.15926,0,0.61114,1.011,0.33701,0
14.134,-0.56376,-1.39,1.0367,-1.9561,1.1283,-0.45759,-0.15253,0,0.59537,1.0066,0.33554,0
14.154,-0.54117,-1.399,1.0337,-1.9399,1.131,-0.43751,-0.14584,0,0.57974,1.0018,0.33394,0
14.174,-0.51852,-1.4075,1.0308,-1.9238,1.1334,-0.41752,-0.13917,0,0.56426,0.99662,0.33221,0
14.194,-0.49584,-1.4157,1.0281,-1.9077,1.1353,-0.39765,-0.13255,0,0.54892,0.99107,0.33036,0
14.214,-0.47311,-1.4234,1.0255,-1.8917,1.1369,-0.37788,-0.12596,0,0.53374,0.98516,0.32839,0
14.234,-0.45036,-1.4308,1.0231,-1.8757,1.1381,-0.35824,-0.11941,0,0.51871,0.97891,0.3263,0
14.254,-0.42759,-1.4378,1.0207,-1.8599,1.139,-0.33873,-0.11291,0,0.50385,0.97232,0.32411,0
14.274,-0.40481,-1.4443,1.0186,-1.8441,1.1394,-0.31935,-0.10645,0,0.48915,0.9654,0.3218,0
14.294,-0.38201,-1.4505,1.0165,-1.8283,1.1396,-0.30012,-0.10004,0,0.47462,0.95816,0.31939,0
14.314,-0.35923,-1.4564,1.0145,-1.8126,1.1393,-0.28103,-0.093676,0,0.46027,0.95062,0.31687,0
14.334,-0.33644,-1.4618,1.0127,-1.797,1.1387,-0.26209,-0.087364,0,0.4461,0.94278,0.31426,0
14.354,-0.31368,-1.4668,1.0111,-1.7815,1.1378,-0.24332,-0.081106,0,0.43211,0.93465,0.31155,0
14.374,-0.29093,-1.4715,1.0095,-1.766,1.1366,-0.22471,-0.074903,0,0.4183,0.92624,0.30875,0
14.394,-0.26822,-1.4758,1.0081,-1.7506,1.135,-0.20627,-0.068757,0,0.40468,0.91756,0.30585,0
14.414,-0.24554,-1.4798,1.0067,-1.7352,1.1331,-0.18801,-0.06267,0,0.39126,0.90863,0.30288,0
14.434,-0.2229,-1.4833,1.0056,-1.7199,1.1308,-0.16993,-0.056643,0,0.37802,0.89945,0.29982,0
14.454,-0.2003,-1.4866,1.0045,-1.7047,1.1283,-0.15203,-0.050677,0,0.36499,0.89003,0.29668,0
14.474,-0.17777,-1.4894,1.0035,-1.6896,1.1255,-0.13433,-0.044776,0,0.35215,0.88037,0.29346,0
14.494,-0.15529,-1.4919,1.0027,-1.6745,1.1223,-0.11682,-0.03894,0,0.33951,0.8705,0.29017,0
14.515,-0.13287,-1.4941,1.002,-1.6595,1.1189,-0.099509,-0.03317,0,0.32707,0.86042,0.28681,0
14.535,-0.11053,-1.4959,1.0014,-1.6446,1.1152,-0.082403,-0.027468,0,0.31484,0.85014,0.28338,0
14.555,-0.088267,-1.4974,1.0009,-1.6297,1.1113,-0.065505,-0.021835,0,0.30281,0.83967,0.27989,0
14.575,-0.066084,-1.4985,1.0005,-1.6149,1.107,-0.048818,-0.016273,0,0.29099,0.82901,0.27634,0
14.595,-0.043988,-1.4994,1.0002,-1.6001,1.1025,-0.032345,-0.010782,0,0.27938,0.81819,0.27273,0
14.615,-0.021986,-1.4998,1.0001,-1.5855,1.0977,-0.016091,-0.0053638,0,0.26797,0.80719,0.26906,0
14.635,-8.0567e-05,-1.5,1,-1.5709,1.0927,-5.8692e-05,-1.9564e-05,0,0.25678,0.79605,0.26535,0
14.655,0.021722,-1.4998,1.0001,-1.5563,1.0875,0.01575,0.0052499,0,0.24579,0.78476,0.26159,0
14.675,0.043417,-1.4994,1.0002,-1.5418,1.082,0.031331,0.010444,0,0.23502,0.77333,0.25778,0
14.695,0.065,-1.4986,1.0005,-1.5274,1.0763,0.046682,0.015561,0,0.22445,0.76177,0.25392,0
14.715,0.086466,-1.4975,1.0008,-1.5131,1.0703,0.061801,0.0206,0,0.2141,0.75009,0.25003,0
14.735,0.10781,-1.4961,1.0013,-1.4989,1.0642,0.076685,0.025562,0,0.20396,0.7383,0.2461,0
14.755,0.12903,-1.4944,1.0019,-1.4847,1.0578,0.091332,0.030444,0,0.19403,0.72641,0.24214,0
14.775,0.15012,-1.4925,1.0025,-1.4705,1.0512,0.10574,0.035247,0,0.18431,0.71442,0.23814,0
14.795,0.17108,-1.4902,1.0033,-1.4565,1.0445,0.11991,0.039969,0,0.1748,0.70235,0.23412,0
14.815,0.1919,-1.4877,1.0041,-1.4425,1.0375,0.13383,0.044611,0,0.1655,0.6902,0.23007,0
14.835,0.21258,-1.4849,1.005,-1.4286,1.0304,0.14752,0.049172,0,0.15641,0.67797,0.22599,0
14.855,0.23311,-1.4818,1.0061,-1.4148,1.0231,0.16095,0.053651,0,0.14753,0.66569,0.2219,0
14.875,0.2535,-1.4784,1.0072,-1.401,1.0156,0.17414,0.058048,0,0.13886,0.65335,0.21778,0
14.895,0.27374,-1.4748,1.0084,-1.3873,1.008,0.18709,0.062362,0,0.13039,0.64096,0.21365,0
14.915,0.29382,-1.4709,1.0097,-1.3736,1.0002,0.19978,0.066594,0,0.12213,0.62852,0.20951,0
14.935,0.31374,-1.4668,1.0111,-1.3601,0.99221,0.21223,0.070742,0,0.11407,0.61606,0.20535,0
14.955,0.33351,-1.4625,1.0125,-1.3466,0.98411,0.22442,0.074808,0,0.10622,0.60357,0.20119,0
14.975,0.35311,-1.4578,1.0141,-1.3332,0.97588,0.23637,0.07879,0,0.098564,0.59106,0.19702,0
14.995,0.37254,-1.453,1.0157,-1.3198,0.96752,0.24807,0.082688,0,0.09111,0.57853,0.19284,0
15.015,0.39181,-1.4479,1.0174,-1.3065,0.95902,0.25951,0.086503,0,0.083855,0.566,0.18867,0
15.035,0.4109,-1.4426,1.0191,-1.2933,0.95041,0.27071,0.090235,0,0.076796,0.55347,0.18449,0
15.055,0.42982,-1.4371,1.021,-1.2802,0.94169,0.28165,0.093883,0,0.069932,0.54094,0.18031,0
15.075,0.44857,-1.4314,1.0229,-1.2671,0.93285,0.29234,0.097448,0,0.063261,0.52843,0.17614,0
15.095,0.46714,-1.4254,1.0249,-1.2541,0.92392,0.30279,0.10093,0,0.056781,0.51593,0.17198,0
15.115,0.48552,-1.4192,1.0269,-1.2412,0.91488,0.31298,0.10433,0,0.05049,0.50346,0.16782,0
15.135,0.50373,-1.4129,1.029,-1.2283,0.90576,0.32293,0.10764,0,0.044386,0.49102,0.16367,0
15.155,0.52175,-1.4063,1.0312,-1.2155,0.89655,0.33262,0.11087,0,0.038467,0.47861,0.15954,0
15.175,0.53959,-1.3996,1.0335,-1.2028,0.88726,0.34207,0.11402,0,0.03273,0.46625,0.15542,0
15.195,0.55724,-1.3927,1.0358,-1.1902,0.87789,0.35127,0.11709,0,0.027174,0.45393,0.15131,0
15.215,0.57471,-1.3855,1.0382,-1.1776,0.86846,0.36023,0.12008,0,0.021795,0.44165,0.14722,0
15.235,0.59198,-1.3782,1.0406,-1.1651,0.85896,0.36894,0.12298,0,0.016592,0.42944,0.14315,0
15.255,0.60906,-1.3708,1.0431,-1.1527,0.8494,0.37741,0.1258,0,0.011563,0.41728,0.13909,0
15.275,0.62596,-1.3632,1.0456,-1.1403,0.83979,0.38563,0.12854,0,0.0067041,0.40519,0.13506,0
15.295,0.64266,-1.3554,1.0482,-1.128,0.83013,0.39361,0.1312,0,0.0020135,0.39317,0.13106,0
15.315,0.65916,-1.3474,1.0509,-1.1158,0.82042,0.40136,0.13379,0,-0.0025113,0.38122,0.12707,0
15.335,0.67547,-1.3393,1.0536,-1.1037,0.81068,0.40886,0.13629,0,-0.006873,0.36935,0.12312,0
15.355,0.69159,-1.3311,1.0563,-1.0916,0.8009,0.41613,0.13871,0,-0.011074,0.35756,0.11919,0
15.375,0.70751,-1.3227,1.0591,-1.0796,0.79109,0.42317,0.14106,0,-0.015117,0.34586,0.11529,0
15.395,0.72323,-1.3141,1.062,-1.0677,0.78126,0.42997,0.14332,0,-0.019005,0.33424,0.11141,0
15.415,0.73876,-1.3055,1.0648,-1.0558,0.77141,0.43654,0.14551,0,-0.022741,0.32272,0.10757,0
15.435,0.75409,-1.2967,1.0678,-1.044,0.76153,0.44288,0.14763,0,-0.026326,0.3113,0.10377,0
15.455,0.76922,-1.2878,1.0707,-1.0323,0.75165,0.44899,0.14966,0,-0.029765,0.29997,0.09999,0
15.475,0.78415,-1.2787,1.0738,-1.0207,0.74176,0.45488,0.15163,0,-0.033059,0.28874,0.096248,0
15.495,0.79889,-1.2696,1.0768,-1.0091,0.73187,0.46054,0.15351,0,-0.036211,0.27762,0.092542,0
15.516,0.81343,-1.2603,1.0799,-0.99764,0.72197,0.46598,0.15533,0,-0.039224,0.26661,0.088871,0
15.536,0.82777,-1.2509,1.083,-0.98622,0.71208,0.4712,0.15707,0,-0.042101,0.25571,0.085238,0
15.556,0.84191,-1.2414,1.0862,-0.97487,0.7022,0.47621,0.15874,0,-0.044845,0.24493,0.081642,0
15.576,0.85586,-1.2319,1.0894,-0.96359,0.69233,0.481,0.16033,0,-0.047458,0.23425,0.078085,0
15.596,0.86961,-1.2222,1.0926,-0.95239,0.68247,0.48558,0.16186,0,-0.049944,0.2237,0.074567,0
15.616,0.88316,-1.2124,1.0959,-0.94126,0.67263,0.48995,0.16332,0,-0.052304,0.21327,0.07109,0
15.636,0.89651,-1.2026,1.0991,-0.9302,0.66282,0.49411,0.1647,0,-0.054542,0.20296,0.067653,0
15.656,0.90967,-1.1927,1.1024,-0.91921,0.65303,0.49807,0.16602,0,-0.056661,0.19277,0.064258,0
15.676,0.92263,-1.1827,1.1058,-0.9083,0.64327,0.50183,0.16728,0,-0.058662,0.18271,0.060904,0
15.696,0.9354,-1.1726,1.1091,-0.89746,0.63354,0.50538,0.16846,0,-0.06055,0.17278,0.057594,0
15.716,0.94797,-1.1625,1.1125,-0.88669,0.62385,0.50874,0.16958,0,-0.062326,0.16298,0.054326,0
15.736,0.96035,-1.1523,1.1159,-0.87599,0.6142,0.5119,0.17063,0,-0.063994,0.15331,0.051103,0
15.756,0.97254,-1.142,1.1193,-0.86537,0.60458,0.51487,0.17162,0,-0.065556,0.14377,0.047923,0
15.776,0.98454,-1.1317,1.1228,-0.85481,0.59501,0.51765,0.17255,0,-0.067014,0.13436,0.044788,0
15.796,0.99634,-1.1213,1.1262,-0.84433,0.58549,0.52025,0.17342,0,-0.068373,0.12509,0.041697,0
15.816,1.008,-1.1109,1.1297,-0.83393,0.57602,0.52266,0.17422,0,-0.069633,0.11596,0.038652,0
15.836,1.0194,-1.1004,1.1332,-0.82359,0.56659,0.52489,0.17496,0,-0.070798,0.10696,0.035653,0
15.856,1.0306,-1.0899,1.1367,-0.81333,0.55723,0.52694,0.17565,0,-0.07187,0.098097,0.032699,0
15.876,1.0417,-1.0793,1.1402,-0.80314,0.54792,0.52881,0.17627,0,-0.072852,0.089374,0.029791,0
15.896,1.0525,-1.0687,1.1438,-0.79303,0.53867,0.53051,0.17684,0,-0.073747,0.080789,0.02693,0
15.916,1.0632,-1.0581,1.1473,-0.78298,0.52948,0.53204,0.17735,0,-0.074557,0.072344,0.024115,0
15.936,1.0737,-1.0474,1.1509,-0.77301,0.52035,0.53341,0.1778,0,-0.075284,0.064039,0.021346,0
15.956,1.084,-1.0368,1.1544,-0.76311,0.51129,0.5346,0.1782,0,-0.075932,0.055874,0.018625,0
15.976,1.0942,-1.0261,1.158,-0.75328,0.5023,0.53564,0.17855,0,-0.076502,0.047849,0.01595,0
15.996,1.1041,-1.0153,1.1616,-0.74353,0.49337,0.53652,0.17884,0,-0.076996,0.039964,0.013321,0
16.016,1.1139,-1.0046,1.1651,-0.73385,0.48452,0.53724,0.17908,0,-0.077419,0.032221,0.01074,0
16.036,1.1235,-0.99384,1.1687,-0.72424,0.47574,0.53781,0.17927,0,-0.07777,0.024618,0.0082058,0
16.056,1.1329,-0.98308,1.1723,-0.7147,0.46704,0.53823,0.17941,0,-0.078054,0.017155,0.0057183,0
16.076,1.1422,-0.97232,1.1759,-0.70523,0.45841,0.5385,0.1795,0,-0.078272,0.0098329,0.0032776,0
16.096,1.1513,-0.96155,1.1795,-0.69584,0.44986,0.53862,0.17954,0,-0.078426,0.002651,0.00088366,0
16.116,1.1602,-0.95077,1.1831,-0.68652,0.44139,0.5386,0.17953,0,-0.07852,-0.004391,-0.0014637,0
16.136,1.1689,-0.94,1.1867,-0.67727,0.433,0.53845,0.17948,0,-0.078554,-0.011293,-0.0037644,0
16.156,1.1775,-0.92924,1.1903,-0.66809,0.42469,0.53815,0.17938,0,-0.078531,-0.018057,-0.0060188,0
16.176,1.1859,-0.91848,1.1938,-0.65899,0.41646,0.53773,0.17924,0,-0.078454,-0.024681,-0.008227,0
16.196,1.1942,-0.90773,1.1974,-0.64996,0.40832,0.53717,0.17906,0,-0.078324,-0.031167,-0.010389,0
16.216,1.2023,-0.89699,1.201,-0.641,0.40026,0.53648,0.17883,0,-0.078143,-0.037516,-0.012505,0
16.236,1.2102,-0.88627,1.2046,-0.63211,0.39229,0.53567,0.17856,0,-0.077914,-0.043728,-0.014576,0
16.256,1.2179,-0.87557,1.2081,-0.62329,0.38441,0.53473,0.17824,0,-0.077638,-0.049804,-0.016601,0
16.276,1.2256,-0.86488,1.2117,-0.61455,0.37662,0.53368,0.17789,0,-0.077317,-0.055744,-0.018581,0
16.296,1.233,-0.85422,1.2153,-0.60587,0.36891,0.5325,0.1775,0,-0.076954,-0.06155,-0.020517,0
16.316,1.2403,-0.84358,1.2188,-0.59727,0.3613,0.53121,0.17707,0,-0.076549,-0.067222,-0.022407,0
16.336,1.2475,-0.83297,1.2223,-0.58874,0.35377,0.52981,0.1766,0,-0.076106,-0.072761,-0.024254,0
16.356,1.2545,-0.82239,1.2259,-0.58028,0.34634,0.5283,0.1761,0,-0.075625,-0.078169,-0.026056,0
16.376,1.2613,-0.81184,1.2294,-0.5719,0.339,0.52669,0.17556,0,-0.075108,-0.083445,-0.027815,0
16.396,1.268,-0.80132,1.2329,-0.56358,0.33175,0.52497,0.17499,0,-0.074558,-0.088592,-0.029531,0
16.416,1.2746,-0.79084,1.2364,-0.55533,0.3246,0.52315,0.17438,0,-0.073976,-0.09361,-0.031203,0
16.436,1.281,-0.7804,1.2399,-0.54716,0.31753,0.52122,0.17374,0,-0.073363,-0.0985,-0.032833,0
16.456,1.2873,-0.76999,1.2433,-0.53906,0.31056,0.51921,0.17307,0,-0.072721,-0.10326,-0.034421,0
16.476,1.2934,-0.75963,1.2468,-0.53103,0.30369,0.51709,0.17236,0,-0.072051,-0.1079,-0.035968,0
16.496,1.2994,-0.74931,1.2502,-0.52307,0.29691,0.51489,0.17163,0,-0.071356,-0.11242,-0.037473,0
16.517,1.3053,-0.73904,1.2537,-0.51518,0.29022,0.5126,0.17087,0,-0.070637,-0.11681,-0.038936,0
16.537,1.311,-0.72881,1.2571,-0.50736,0.28363,0.51022,0.17007,0,-0.069894,-0.12108,-0.04036,0
16.557,1.3167,-0.71863,1.2605,-0.49961,0.27713,0.50776,0.16925,0,-0.06913,-0.12523,-0.041743,0
16.577,1.3221,-0.7085,1.2638,-0.49193,0.27073,0.50521,0.1684,0,-0.068346,-0.12926,-0.043087,0
16.597,1.3275,-0.69842,1.2672,-0.48433,0.26442,0.50259,0.16753,0,-0.067544,-0.13317,-0.044391,0
16.617,1.3327,-0.68839,1.2705,-0.47679,0.25821,0.49989,0.16663,0,-0.066723,-0.13697,-0.045657,0
16.637,1.3378,-0.67842,1.2739,-0.46932,0.25209,0.49711,0.1657,0,-0.065887,-0.14065,-0.046885,0
16.657,1.3428,-0.66851,1.2772,-0.46193,0.24607,0.49426,0.16475,0,-0.065035,-0.14422,-0.048074,0
16.677,1.3477,-0.65865,1.2804,-0.4546,0.24014,0.49134,0.16378,0,-0.06417,-0.14768,-0.049227,0
16.697,1.3524,-0.64886,1.2837,-0.44734,0.2343,0.48835,0.16278,0,-0.063292,-0.15103,-0.050342,0
16.717,1.357,-0.63912,1.287,-0.44016,0.22856,0.4853,0.16177,0,-0.062403,-0.15426,-0.051421,0
16.737,1.3615,-0.62945,1.2902,-0.43304,0.22292,0.48218,0.16073,0,-0.061504,-0.15739,-0.052464,0
16.757,1.3659,-0.61983,1.2934,-0.42599,0.21736,0.47901,0.15967,0,-0.060595,-0.16042,-0.053472,0
16.777,1.3702,-0.61029,1.2966,-0.41901,0.2119,0.47577,0.15859,0,-0.059677,-0.16333,-0.054445,0
16.797,1.3744,-0.6008,1.2997,-0.4121,0.20653,0.47247,0.15749,0,-0.058753,-0.16615,-0.055383,0
16.817,1.3785,-0.59139,1.3029,-0.40526,0.20126,0.46912,0.15637,0,-0.057822,-0.16886,-0.056288,0
16.837,1.3825,-0.58204,1.306,-0.39849,0.19607,0.46572,0.15524,0,-0.056886,-0.17148,-0.057159,0
16.857,1.3863,-0.57276,1.3091,-0.39179,0.19098,0.46226,0.15409,0,-0.055945,-0.17399,-0.057997,0
16.877,1.3901,-0.56355,1.3122,-0.38515,0.18598,0.45876,0.15292,0,-0.055001,-0.17641,-0.058802,0
16.897,1.3938,-0.55441,1.3152,-0.37858,0.18107,0.45521,0.15174,0,-0.054054,-0.17873,-0.059576,0
16.917,1.3974,-0.54534,1.3182,-0.37209,0.17625,0.45161,0.15054,0,-0.053105,-0.18096,-0.060318,0
16.937,1.4008,-0.53634,1.3212,-0.36566,0.17152,0.44797,0.14932,0,-0.052155,-0.18309,-0.06103,0
16.957,1.4042,-0.52742,1.3242,-0.3593,0.16687,0.44429,0.1481,0,-0.051205,-0.18513,-0.061711,0
16.977,1.4075,-0.51857,1.3271,-0.353,0.16232,0.44057,0.14686,0,-0.050255,-0.18708,-0.062362,0
16.997,1.4107,-0.5098,1.3301,-0.34677,0.15785,0.43681,0.1456,0,-0.049305,-0.18895,-0.062983,0
17.017,1.4138,-0.5011,1.333,-0.34062,0.15347,0.43301,0.14434,0,-0.048358,-0.19073,-0.063576,0
17.037,1.4169,-0.49248,1.3358,-0.33452,0.14918,0.42918,0.14306,0,-0.047413,-0.19242,-0.06414,0
17.057,1.4198,-0.48393,1.3387,-0.3285,0.14497,0.42531,0.14177,0,-0.046471,-0.19403,-0.064676,0
17.077,1.4226,-0.47547,1.3415,-0.32254,0.14084,0.42142,0.14047,0,-0.045532,-0.19555,-0.065184,0
17.097,1.4254,-0.46708,1.3443,-0.31665,0.1368,0.41749,0.13916,0,-0.044597,-0.197,-0.065666,0
17.117,1.4281,-0.45877,1.3471,-0.31083,0.13284,0.41354,0.13785,0,-0.043667,-0.19836,-0.066121,0
17.137,1.4307,-0.45054,1.3498,-0.30507,0.12897,0.40956,0.13652,0,-0.042743,-0.19965,-0.06655,0
17.157,1.4333,-0.44239,1.3525,-0.29938,0.12517,0.40555,0.13518,0,-0.041824,-0.20086,-0.066954,0
17.177,1.4357,-0.43431,1.3552,-0.29375,0.12146,0.40152,0.13384,0,-0.040911,-0.202,-0.067332,0
17.197,1.4381,-0.42632,1.3579,-0.28819,0.11783,0.39747,0.13249,0,-0.040004,-0.20306,-0.067686,0
17.217,1.4405,-0.41842,1.3605,-0.28269,0.11427,0.3934,0.13113,0,-0.039105,-0.20405,-0.068016,0
17.237,1.4427,-0.41059,1.3631,-0.27726,0.1108,0.38931,0.12977,0,-0.038213,-0.20497,-0.068322,0
17.257,1.4449,-0.40284,1.3657,-0.2719,0.1074,0.3852,0.1284,0,-0.037329,-0.20581,-0.068605,0
17.277,1.447,-0.39518,1.3683,-0.2666,0.10407,0.38108,0.12703,0,-0.036453,-0.20659,-0.068865,0
17.297,1.4491,-0.3876,1.3708,-0.26137,0.10083,0.37694,0.12565,0,-0.035585,-0.20731,-0.069102,0
17.317,1.451,-0.3801,1.3733,-0.2562,0.097652,0.37279,0.12426,0,-0.034727,-0.20795,-0.069318,0
17.337,1.453,-0.37269,1.3758,-0.25109,0.094553,0.36862,0.12287,0,-0.033877,-0.20854,-0.069512,0
17.357,1.4548,-0.36536,1.3782,-0.24605,0.091525,0.36445,0.12148,0,-0.033037,-0.20906,-0.069685,0
17.377,1.4566,-0.35811,1.3806,-0.24107,0.08857,0.36026,0.12009,0,-0.032207,-0.20951,-0.069838,0
17.397,1.4584,-0.35095,1.383,-0.23615,0.085685,0.35607,0.11869,0,-0.031386,-0.20991,-0.06997,0
17.417,1.4601,-0.34387,1.3854,-0.2313,0.08287,0.35186,0.11729,0,-0.030576,-0.21025,-0.070083,0
17.437,1.4617,-0.33687,1.3877,-0.22651,0.080124,0.34766,0.11589,0,-0.029776,-0.21053,-0.070176,0
17.457,1.4633,-0.32996,1.39,-0.22179,0.077446,0.34344,0.11448,0,-0.028987,-0.21075,-0.070251,0
17.477,1.4648,-0.32314,1.3923,-0.21713,0.074835,0.33923,0.11308,0,-0.028208,-0.21092,-0.070306,0
17.497,1.4663,-0.31639,1.3945,-0.21253,0.072289,0.33501,0.11167,0,-0.027441,-0.21103,-0.070344,0
17.518,1.4677,-0.30974,1.3968,-0.20799,0.069809,0.33079,0.11026,0,-0.026684,-0.21109,-0.070364,0
17.538,1.469,-0.30316,1.3989,-0.20351,0.067392,0.32656,0.10885,0,-0.025939,-0.2111,-0.070366,0
17.558,1.4704,-0.29667,1.4011,-0.19909,0.065038,0.32234,0.10745,0,-0.025205,-0.21105,-0.070351,0
17.578,1.4716,-0.29027,1.4032,-0.19474,0.062747,0.31812,0.10604,0,-0.024482,-0.21096,-0.07032,0
17.598,1.4729,-0.28395,1.4054,-0.19045,0.060516,0.3139,0.10463,0,-0.023772,-0.21082,-0.070272,0
17.618,1.4741,-0.27771,1.4074,-0.18622,0.058345,0.30969,0.10323,0,-0.023072,-0.21062,-0.070208,0
17.638,1.4752,-0.27156,1.4095,-0.18204,0.056233,0.30548,0.10183,0,-0.022385,-0.21039,-0.070129,0
17.658,1.4763,-0.26549,1.4115,-0.17793,0.05418,0.30127,0.10042,0,-0.021709,-0.2101,-0.070034,0
17.678,1.4774,-0.25951,1.4135,-0.17388,0.052183,0.29708,0.099025,0,-0.021046,-0.20977,-0.069925,0
17.698,1.4784,-0.25361,1.4155,-0.16989,0.050242,0.29288,0.097628,0,-0.020394,-0.2094,-0.0698,0
17.718,1.4794,-0.24779,1.4174,-0.16596,0.048356,0.2887,0.096233,0,-0.019754,-0.20899,-0.069662,0
17.738,1.4803,-0.24206,1.4193,-0.16208,0.046525,0.28452,0.094841,0,-0.019126,-0.20853,-0.069509,0
17.758,1.4813,-0.23641,1.4212,-0.15827,0.044746,0.28036,0.093453,0,-0.01851,-0.20803,-0.069343,0
17.778,1.4821,-0.23085,1.4231,-0.15451,0.04302,0.2762,0.092068,0,-0.017906,-0.20749,-0.069163,0
17.798,1.483,-0.22537,1.4249,-0.15081,0.041344,0.27206,0.090686,0,-0.017314,-0.20691,-0.06897,0
17.818,1.4838,-0.21997,1.4267,-0.14717,0.039719,0.26793,0.089309,0,-0.016734,-0.20629,-0.068765,0
17.838,1.4846,-0.21465,1.4285,-0.14359,0.038143,0.26381,0.087936,0,-0.016166,-0.20564,-0.068546,0
17.858,1.4853,-0.20941,1.4302,-0.14007,0.036615,0.2597,0.086567,0,-0.01561,-0.20495,-0.068316,0
17.878,1.486,-0.20426,1.4319,-0.1366,0.035135,0.25561,0.085203,0,-0.015066,-0.20422,-0.068074,0
17.898,1.4867,-0.19919,1.4336,-0.13319,0.0337,0.25153,0.083844,0,-0.014533,-0.20346,-0.067819,0
17.918,1.4874,-0.1942,1.4353,-0.12983,0.032311,0.24747,0.082491,0,-0.014013,-0.20266,-0.067554,0
17.938,1.488,-0.18929,1.4369,-0.12653,0.030966,0.24343,0.081142,0,-0.013504,-0.20183,-0.067277,0
17.958,1.4886,-0.18446,1.4385,-0.12329,0.029665,0.2394,0.0798,0,-0.013006,-0.20097,-0.066989,0
17.978,1.4892,-0.17971,1.4401,-0.1201,0.028406,0.23539,0.078463,0,-0.012521,-0.20007,-0.06669,0
17.998,1.4898,-0.17505,1.4417,-0.11696,0.027189,0.2314,0.077132,0,-0.012046,-0.19914,-0.066381,0
18.018,1.4903,-0.17046,1.4432,-0.11388,0.026012,0.22742,0.075808,0,-0.011583,-0.19818,-0.066061,0
18.038,1.4908,-0.16595,1.4447,-0.11086,0.024876,0.22347,0.07449,0,-0.011132,-0.1972,-0.065732,0
18.058,1.4913,-0.16152,1.4462,-0.10789,0.023778,0.21954,0.073179,0,-0.010692,-0.19618,-0.065392,0
18.078,1.4917,-0.15717,1.4476,-0.10497,0.022718,0.21562,0.071874,0,-0.010263,-0.19513,-0.065043,0
18.098,1.4922,-0.15289,1.449,-0.10211,0.021694,0.21173,0.070577,0,-0.0098445,-0.19405,-0.064684,0
18.118,1.4926,-0.1487,1.4504,-0.099295,0.020708,0.20786,0.069287,0,-0.0094373,-0.19295,-0.064316,0
18.138,1.493,-0.14458,1.4518,-0.096536,0.019756,0.20401,0.068004,0,-0.0090409,-0.19182,-0.063939,0
18.158,1.4934,-0.14054,1.4532,-0.093829,0.018839,0.20019,0.066729,0,-0.0086552,-0.19066,-0.063553,0
18.178,1.4938,-0.13657,1.4545,-0.091174,0.017955,0.19639,0.065462,0,-0.0082801,-0.18947,-0.063158,0
18.198,1.4941,-0.13268,1.4558,-0.08857,0.017104,0.19261,0.064203,0,-0.0079154,-0.18826,-0.062755,0
18.218,1.4945,-0.12887,1.457,-0.086017,0.016285,0.18886,0.062952,0,-0.0075611,-0.18703,-0.062343,0
18.238,1.4948,-0.12513,1.4583,-0.083515,0.015497,0.18513,0.061709,0,-0.0072169,-0.18577,-0.061923,0
18.258,1.4951,-0.12146,1.4595,-0.081063,0.014739,0.18143,0.060475,0,-0.0068829,-0.18448,-0.061495,0
18.278,1.4954,-0.11787,1.4607,-0.078661,0.014011,0.17775,0.05925,0,-0.0065587,-0.18318,-0.061058,0
18.298,1.4956,-0.11435,1.4619,-0.076308,0.013311,0.1741,0.058033,0,-0.0062443,-0.18184,-0.060614,0
18.318,1.4959,-0.11091,1.463,-0.074004,0.012639,0.17048,0.056825,0,-0.0059396,-0.18049,-0.060163,0
18.338,1.4961,-0.10753,1.4642,-0.07175,0.011994,0.16688,0.055626,0,-0.0056444,-0.17911,-0.059703,0
18.358,1.4964,-0.10423,1.4653,-0.069543,0.011375,0.16331,0.054437,0,-0.0053586,-0.17771,-0.059237,0
18.378,1.4966,-0.101,1.4663,-0.067384,0.010782,0.15977,0.053257,0,-0.005082,-0.17629,-0.058763,0
18.398,1.4968,-0.097839,1.4674,-0.065272,0.010214,0.15626,0.052087,0,-0.0048144,-0.17484,-0.058281,0
18.418,1.497,-0.094749,1.4684,-0.063208,0.0096696,0.15278,0.050926,0,-0.0045558,-0.17338,-0.057793,0
18.438,1.4972,-0.091728,1.4694,-0.06119,0.0091486,0.14932,0.049775,0,-0.004306,-0.17189,-0.057298,0
18.458,1.4974,-0.088776,1.4704,-0.059218,0.0086502,0.1459,0.048634,0,-0.0040647,-0.17039,-0.056795,0
18.478,1.4975,-0.085891,1.4714,-0.057292,0.0081736,0.14251,0.047503,0,-0.003832,-0.16886,-0.056287,0
18.498,1.4977,-0.083075,1.4723,-0.055412,0.0077183,0.13915,0.046383,0,-0.0036076,-0.16731,-0.055771,0
18.519,1.4978,-0.080325,1.4732,-0.053576,0.0072835,0.13582,0.045272,0,-0.0033913,-0.16575,-0.055249,0
18.539,1.498,-0.077642,1.4741,-0.051785,0.0068685,0.13252,0.044173,0,-0.003183,-0.16416,-0.05472,0
18.559,1.4981,-0.075024,1.475,-0.050037,0.0064727,0.12925,0.043084,0,-0.0029826,-0.16255,-0.054185,0
18.579,1.4982,-0.072472,1.4758,-0.048333,0.0060955,0.12602,0.042005,0,-0.0027899,-0.16093,-0.053643,0
18.599,1.4984,-0.069984,1.4767,-0.046673,0.0057362,0.12281,0.040938,0,-0.0026047,-0.15929,-0.053096,0
18.619,1.4985,-0.067559,1.4775,-0.045055,0.0053942,0.11964,0.039882,0,-0.002427,-0.15763,-0.052542,0
18.639,1.4986,-0.065198,1.4783,-0.043479,0.0050689,0.11651,0.038836,0,-0.0022564,-0.15595,-0.051982,0
18.659,1.4987,-0.062898,1.479,-0.041945,0.0047596,0.11341,0.037802,0,-0.0020929,-0.15425,-0.051416,0
18.679,1.4988,-0.060661,1.4798,-0.040452,0.0044658,0.11034,0.03678,0,-0.0019363,-0.15253,-0.050843,0
18.699,1.4989,-0.058485,1.4805,-0.039,0.004187,0.10731,0.035769,0,-0.0017865,-0.1508,-0.050265,0
18.719,1.4989,-0.056369,1.4812,-0.037588,0.0039225,0.10431,0.034769,0,-0.0016433,-0.14904,-0.049681,0
18.739,1.499,-0.054312,1.4819,-0.036216,0.0036719,0.10134,0.033781,0,-0.0015066,-0.14727,-0.049092,0
18.759,1.4991,-0.052315,1.4826,-0.034883,0.0034345,0.098417,0.032806,0,-0.0013761,-0.14549,-0.048496,0
18.779,1.4992,-0.050375,1.4832,-0.03359,0.0032099,0.095525,0.031842,0,-0.0012518,-0.14368,-0.047895,0
18.799,1.4992,-0.048493,1.4838,-0.032335,0.0029975,0.092669,0.03089,0,-0.0011334,-0.14186,-0.047288,0
18.819,1.4993,-0.046668,1.4844,-0.031117,0.0027968,0.08985,0.02995,0,-0.0010209,-0.14002,-0.046675,0
18.839,1.4993,-0.044899,1.485,-0.029937,0.0026074,0.087068,0.029023,0,-0.00091403,-0.13817,-0.046056,0
18.859,1.4994,-0.043185,1.4856,-0.028794,0.0024287,0.084324,0.028108,0,-0.00081271,-0.1363,-0.045433,0
18.879,1.4994,-0.041526,1.4862,-0.027687,0.0022603,0.081617,0.027206,0,-0.00071675,-0.13441,-0.044803,0
18.899,1.4995,-0.03992,1.4867,-0.026617,0.0021018,0.078947,0.026316,0,-0.00062602,-0.1325,-0.044168,0
18.919,1.4995,-0.038368,1.4872,-0.025581,0.0019527,0.076317,0.025439,0,-0.00054036,-0.13058,-0.043527,0
18.939,1.4995,-0.036867,1.4877,-0.024581,0.0018126,0.073724,0.024575,0,-0.00045962,-0.12864,-0.042881,0
18.959,1.4996,-0.035418,1.4882,-0.023615,0.001681,0.071171,0.023724,0,-0.00038366,-0.12669,-0.04223,0
18.979,1.4996,-0.03402,1.4887,-0.022682,0.0015575,0.068657,0.022886,0,-0.00031233,-0.12472,-0.041573,0
18.999,1.4996,-0.032672,1.4891,-0.021783,0.0014419,0.066182,0.022061,0,-0.00024548,-0.12273,-0.040911,0
19.019,1.4997,-0.031373,1.4895,-0.020917,0.0013336,0.063748,0.021249,0,-0.00018298,-0.12073,-0.040243,0
19.039,1.4997,-0.030122,1.49,-0.020083,0.0012323,0.061353,0.020451,0,-0.00012468,-0.11871,-0.03957,0
19.059,1.4997,-0.028918,1.4904,-0.01928,0.0011377,0.058999,0.019666,0,-7.0442e-05,-0.11667,-0.038891,0
19.079,1.4997,-0.027762,1.4907,-0.018509,0.0010493,0.056686,0.018895,0,-2.0126e-05,-0.11462,-0.038207,0
19.099,1.4998,-0.026651,1.4911,-0.017768,0.00096694,0.054415,0.018138,0,2.6406e-05,-0.11255,-0.037518,0
19.119,1.4998,-0.025585,1.4915,-0.017057,0.00089021,0.052184,0.017395,0,6.9289e-05,-0.11047,-0.036823,0
19.139,1.4998,-0.024563,1.4918,-0.016376,0.00081881,0.049996,0.016665,0,0.00010866,-0.10837,-0.036123,0
19.159,1.4998,-0.023585,1.4921,-0.015724,0.00075243,0.04785,0.01595,0,0.00014464,-0.10625,-0.035418,0
19.179,1.4998,-0.022649,1.4925,-0.0151,0.0006908,0.045746,0.015249,0,0.00017737,-0.10412,-0.034708,0
19.199,1.4998,-0.021754,1.4927,-0.014503,0.00063363,0.043685,0.014562,0,0.00020698,-0.10197,-0.033992,0
19.219,1.4999,-0.020901,1.493,-0.013934,0.00058064,0.041667,0.013889,0,0.00023359,-0.099811,-0.03327,0
19.239,1.4999,-0.020087,1.4933,-0.013392,0.0005316,0.039693,0.013231,0,0.00025732,-0.097631,-0.032544,0
19.259,1.4999,-0.019313,1.4936,-0.012876,0.00048624,0.037762,0.012587,0,0.00027831,-0.095436,-0.031812,0
19.279,1.4999,-0.018577,1.4938,-0.012385,0.00044433,0.035875,0.011958,0,0.00029666,-0.093224,-0.031075,0
19.299,1.4999,-0.017878,1.494,-0.011919,0.00040565,0.034033,0.011344,0,0.00031251,-0.090997,-0.030332,0
19.319,1.4999,-0.017215,1.4943,-0.011477,0.00036998,0.032235,0.010745,0,0.00032595,-0.088753,-0.029584,0
19.339,1.4999,-0.016588,1.4945,-0.011059,0.00033712,0.030483,0.010161,0,0.00033712,-0.086493,-0.028831,0
19.359,1.4999,-0.015995,1.4947,-0.010664,0.00030687,0.028776,0.009592,0,0.00034612,-0.084218,-0.028073,0
19.379,1.4999,-0.015437,1.4949,-0.010291,0.00027905,0.027114,0.0090381,0,0.00035305,-0.081926,-0.027309,0
19.399,1.4999,-0.014911,1.495,-0.0099405,0.00025348,0.025499,0.0084996,0,0.00035804,-0.079619,-0.02654,0
19.419,1.4999,-0.014416,1.4952,-0.009611,0.00023,0.02393,0.0079766,0,0.00036117,-0.077295,-0.025765,0
19.439,1.4999,-0.013953,1.4953,-0.0093022,0.00020844,0.022407,0.0074691,0,0.00036256,-0.074955,-0.024985,0
19.459,1.4999,-0.01352,1.4955,-0.0090133,0.00018867,0.020932,0.0069772,0,0.0003623,-0.0726,-0.0242,0
19.479,1.4999,-0.013115,1.4956,-0.0087438,0.00017054,0.019503,0.0065011,0,0.00036049,-0.070228,-0.023409,0
19.499,1.4999,-0.012739,1.4958,-0.008493,0.00015392,0.018123,0.0060409,0,0.00035723,-0.06784,-0.022613,0
19.52,1.4999,-0.01239,1.4959,-0.0082603,0.00013869,0.01679,0.0055966,0,0.0003526,-0.065436,-0.021812,0
19.54,1.5,-0.012067,1.496,-0.008045,0.00012474,0.015505,0.0051684,0,0.0003467,-0.063015,-0.021005,0
19.56,1.5,-0.01177,1.4961,-0.0078466,0.00011197,0.014269,0.0047564,0,0.00033961,-0.060579,-0.020193,0
19.58,1.5,-0.011496,1.4962,-0.0076643,0.00010027,0.013082,0.0043608,0,0.00033141,-0.058126,-0.019375,0
19.6,1.5,-0.011246,1.4963,-0.0074975,8.9554e-05,0.011944,0.0039815,0,0.00032219,-0.055657,-0.018552,0
19.62,1.5,-0.011018,1.4963,-0.0073455,7.9745e-05,0.010856,0.0036187,0,0.00031202,-0.053172,-0.017724,0
19.64,1.5,-0.010812,1.4964,-0.0072077,7.0764e-05,0.0098176,0.0032725,0,0.00030097,-0.05067,-0.01689,0
19.66,1.5,-0.010625,1.4965,-0.0070835,6.2544e-05,0.0088294,0.0029431,0,0.00028912,-0.048153,-0.016051,0
19.68,1.5,-0.010458,1.4965,-0.0069721,5.5022e-05,0.0078916,0.0026305,0,0.00027654,-0.045618,-0.015206,0
19.7,1.5,-0.010309,1.4966,-0.0068728,4.8143e-05,0.0070047,0.0023349,0,0.00026329,-0.043068,-0.014356,0
19.72,1.5,-0.010177,1.4966,-0.006785,4.1858e-05,0.006169,0.0020563,0,0.00024943,-0.0405,-0.0135,0
19.74,1.5,-0.010062,1.4966,-0.0067081,3.6122e-05,0.0053848,0.0017949,0,0.00023502,-0.037917,-0.012639,0
19.76,1.5,-0.0099617,1.4967,-0.0066412,3.0898e-05,0.0046525,0.0015508,0,0.00022012,-0.035317,-0.011772,0
19.78,1.5,-0.0098756,1.4967,-0.0065838,2.6153e-05,0.0039723,0.0013241,0,0.00020477,-0.0327,-0.0109,0
19.8,1.5,-0.0098025,1.4967,-0.006535,2.1857e-05,0.0033446,0.0011149,0,0.00018903,-0.030067,-0.010022,0
19.82,1.5,-0.0097414,1.4968,-0.0064943,1.7988e-05,0.0027697,0.00092323,0,0.00017295,-0.027417,-0.0091391,0
19.84,1.5,-0.0096914,1.4968,-0.0064609,1.4524e-05,0.002248,0.00074933,0,0.00015655,-0.024751,-0.0082503,0
19.86,1.5,-0.0096512,1.4968,-0.0064342,1.1452e-05,0.0017798,0.00059326,0,0.00013988,-0.022068,-0.0073559,0
19.88,1.5,-0.0096198,1.4968,-0.0064132,8.7567e-06,0.0013654,0.00045513,0,0.00012297,-0.019368,-0.006456,0
19.9,1.5,-0.0095962,1.4968,-0.0063975,6.4306e-06,0.0010052,0.00033506,0,0.00010586,-0.016652,-0.0055506,0
19.92,1.5,-0.0095792,1.4968,-0.0063862,4.4668e-06,0.00069944,0.00023315,0,8.8561e-05,-0.013918,-0.0046395,0
19.94,1.5,-0.0095678,1.4968,-0.0063786,2.8611e-06,0.00044854,0.00014951,0,7.1106e-05,-0.011168,-0.0037228,0
19.96,1.5,-0.0095609,1.4968,-0.006374,1.6114e-06,0.00025281,8.427e-05,0,5.351e-05,-0.0084017,-0.0028006,0
19.98,1.5,-0.0095574,1.4968,-0.0063716,7.1736e-07,0.00011259,3.7529e-05,0,3.5788e-05,-0.005618,-0.0018727,0
20,1.5,-0.009556,1.4968,-0.0063707,1.7968e-07,2.8203e-05,9.401e-06,0,1.7949e-05,-0.0028175,-0.00093916,0
