time,pos_x,pos_y,pos_z,yaw,vel_x,vel_y,vel_z,vel_yaw,acc_x,acc_y,acc_z,acc_yaw
0.0,-1.9999999999999998,-2.0,1.0000000000000142,3.6971583881803716e-17,0.0,0.0,0.0,0.0,0.0,0.0,0.0,0.0
0.02005730659025788,-1.9999623455143773,-1.999991977367196,1.0000034324457923,1.6980138331067318e-05,0.005595187133707281,0.0011909514966871497,0.000511494459707939,0.002518136251634947,0.5489662236484844,0.1166175640072678,0.050477378784693154,0.24606333522085308
0.04011461318051576,-1.9997071703850264,-1.999937792126797,1.0000269238438677,0.00013126216242318863,0.021545479799701582,0.004567818958703166,0.001992695308010496,0.009617843743384076,1.0359570753612974,0.21870258777640328,0.09699478106294382,0.45842322062419877
0.060171919770773644,-1.999039588966836,-1.9997965880710464,1.0000890859835918,0.0004278432457602953,0.04663816188722512,0.009846611055896386,0.004365851546993783,0.020641019275664058,1.463651687934001,0.3069210187685044,0.13969706005631927,0.6386762358867177
0.08022922636103152,-1.9977884341103498,-1.9995330556292992,1.0002070046050036,0.000978877813769951,0.0797140999414313,0.016756655407337097,0.007556109243174725,0.03496149124242515,1.8347291941621575,0.381938804444669,0.1787290689864045,0.7884189606850903
0.1002865329512894,-1.9958051855086505,-1.9991171654890358,1.0003962973401146,0.0018443161756940604,0.11966774316338484,0.025040598581317554,0.01149151152750462,0.05198501963115122,2.1518687268413275,0.4444218922659948,0.21423566107478853,0.9092479746959962
0.12034383954154729,-1.9929628980442398,-1.9985239022168793,1.0006711716542018,0.003072543156459543,0.16544712341006157,0.03445440609535195,0.016102998595365355,0.07114929602285974,2.417749418767073,0.49503622969357997,0.24636168954303805,1.0027598575961163
0.14040114613180515,-1.989155130135921,-1.9977329978796097,1.0010444827870923,0.0047010167285489995,0.21605385519434867,0.04476736241617646,0.021324407706569376,0.09192394359210183,2.6350504027349557,0.5344477641885219,0.27525200761277047,1.0705511890621302
0.16045845272206305,-1.98429487208568,-1.9967286656651804,1.0015277916944565,0.006756906643871396,0.2705431356850445,0.05576207095974921,0.02709247318536266,0.11381051710696215,2.806450811540539,0.5633224432119193,0.3010514685055372,1.11421854877072
0.18051575931232094,-1.9783134744255686,-1.9954993335037332,1.00213142298909,0.00925773306563272,0.3280237447068587,0.06723445409125026,0.03334682642042183,0.136342502929059,2.9346297779793824,0.5823262142248693,0.3239049254429389,1.135358516398564
0.2005730659025788,-1.9711595762645842,-1.9940373776886147,1.0028645228822104,0.01221200520020667,0.38765804474041193,0.07899375312508164,0.040029995864855505,0.15908531901354422,3.022266434847049,0.5921250246884702,0.34395723164656244,1.1355676716223433
0.22063037249283668,-1.9627980336355537,-1.99233885649739,1.0037351171247386,0.015619859929005308,0.4486619809222364,0.09086252832486738,0.04708740703620273,0.18163631490910345,3.0720399149391007,0.5933848220638196,0.361353240337976,1.1164425941187384
0.24068767908309457,-1.9532088478420135,-1.9904032438128612,1.0047501689485923,0.019473700440349746,0.5103050810447756,0.10267665890345336,0.05446738251643696,0.2036247717579557,3.086629351051097,0.5867715538120153,0.37623780473877844,1.0795798635644291
0.26074498567335247,-1.9423860938050925,-1.9882331627440795,1.005915637007972,0.023758834861340825,0.5719104555563835,0.11428534302290755,0.06212114195196078,0.2247119022958537,3.0687138759786006,0.5729511673941554,0.38875577807055084,1.0265760596360958
0.2808022922636103,-1.9303368484103929,-1.9858341192473636,1.0072365333206525,0.028454114889729768,0.6328547975613268,0.1255510977945199,0.07000280205360943,0.24459085085208399,3.020972622517176,0.552589610271338,0.3990520135548703,0.9590277620104197
0.3008595988538682,-1.917080118854873,-1.983214235747314,1.0087169812092673,0.03353257442578887,0.6925683828197817,0.13634975927880208,0.07806937659664992,0.26298669334946617,2.9460847234623815,0.5263528299046606,0.40727136441332856,0.8785315503640799
0.3209169054441261,-1.902645770993728,-1.9803839847578286,1.0103602732426007,0.03896206820418213,0.7505350697478366,0.14657048248548793,0.0862807764207808,0.27965643730435397,2.8467293116097814,0.49490677375522146,0.4135586838675076,0.786684004373758
0.340974212034384,-1.887073457687272,-1.9773559225031185,1.012168929176875,0.04470591042583599,0.8062922994174915,0.1561157413735332,0.09459980943013202,0.2943890218266345,2.725585519754935,0.4589173892841179,0.4180588251389894,0.685081703716133
0.3610315186246419,-1.8704115471478215,-1.9741444225387235,1.0141447538970387,0.050723513389809925,0.8594310955566562,0.16490132885111553,0.10299218059326598,0.30700531761972844,2.5853324806934035,0.41905062395244796,0.4209166414493568,0.575321228067885
0.38108882521489973,-1.852716051286574,-1.9707654093725275,1.016288895358058,0.05697102612516723,0.9095960645491533,0.17285635677563463,0.11142649194317622,0.31735812698059024,2.428649327220752,0.37597242522130975,0.4222769860201998,0.4589991571056957
0.4011461318051576,-1.834049554060492,-1.9672360920857743,1.0186019025262016,0.06340197302284557,0.9564853954347159,0.1799232559537121,0.11987424257728785,0.32533218379970785,2.25821519213254,0.33034874055180113,0.4222847120730968,0.33771207050624485
0.4212034383954155,-1.814480139819184,-1.963574697954083,1.0210837833203312,0.06996789246752774,0.9998508599089885,0.18605777614119157,0.12830982865745755,0.33084415356110297,2.076709208224333,0.28284551740502056,0.42108467282964046,0.21305654794621398
0.44126074498567336,-1.7940803216517873,-1.9598002060684632,1.0237340625531903,0.07661897546951227,1.0394978123235266,0.19122898604313848,0.1367105434099749,0.3338426333423305,1.8868105082916848,0.23412870324206442,0.4188217215113994,0.08662916910228002
0.46131805157593125,-1.7729259697338482,-1.955932080956332,1.0265518398726923,0.08330470429658414,1.075285189685797,0.19541927331384032,0.1450565771255592,0.33430815181447937,1.6911982251301643,0.1848642455240318,0.41564071133996894,-0.03997348634887321
0.48137535816618915,-1.751095239674205,-1.9519900062025277,1.0295358477032086,0.08997449110588539,1.1071255116591776,0.19862434455680655,0.1533310171593627,0.33225316924217196,1.4925514915353304,0.1357180917120201,0.41168649553692926,-0.16515483873056702
0.501432664756447,-1.7286675008618688,-1.9479936180703263,1.0326845091868597,0.09657831657578597,1.1349848805629585,0.20085322532476857,0.1615198479309694,0.32772207748356424,1.2935494403027454,0.08735618926712774,0.40710392732387124,-0.2873183083661208
0.5214899713467049,-1.7057222648129062,-1.9439622391224571,1.0359959961248009,0.1030673685377542,1.1588829813723391,0.20212826011967971,0.1696119509243943,0.3207911999903458,1.0968712042279707,0.04044448565045178,0.40203785992236885,-0.4048673155788547
0.5415472779369628,-1.6823381135173205,-1.9399146118421182,1.0394682869185121,0.10939468060822756,1.178893081718433,0.20248511239271544,0.17759910468808515,0.31156879180774005,0.9051959161065679,-0.0043510716769092905,0.3966331465540165,-0.516205280692088
0.5616045845272206,-1.658591627785934,-1.9358686322539915,1.0430992245110866,0.11551577082048328,1.195142031888262,0.20197276454427282,0.18547598483492012,0.30019503957450355,0.721202708734098,-0.0463645352538582,0.3910346404403855,-0.6197356240291412
0.5816618911174786,-1.634556315597269,-1.9318410835452595,1.0468865743285196,0.12138928025650911,1.2078102648247602,0.20065351792397115,0.19324016404220945,0.28684206152292685,0.5475707149061275,-0.08492995761929589,0.3853871948030765,-0.7138617659133308
0.6017191977077364,-1.6103015404444303,-1.9278473696866192,1.0508280822209974,0.12697761167887392,1.217131796126774,0.1986029928306517,0.20089211205169555,0.27171390747883395,0.38697906741820987,-0.11938139131212577,0.37983566286365233,-0.7969871266679809
0.6217765042979944,-1.5858914496819865,-1.9239012490532996,1.0549215324041847,0.13224756816259842,1.2233942240490598,0.19591012851237752,0.20843519566955182,0.25504655886158245,0.24210689906591387,-0.1490528888712494,0.3745248978437159,-0.8675151266164081
0.6418338108882522,-1.561383902872852,-1.9200145680460752,1.0591648054005138,0.13717099172702577,1.2269387295022849,0.19267718316643373,0.21587567876638447,0.23710792868406363,0.11563334264479952,-0.1732785028355685,0.36959975296484404,-0.9238491860819329
0.66189111747851,-1.5368294001351686,-1.916196994712283,1.0635559359804747,0.14172540196769232,1.2281600760530296,0.18901973393932747,0.22322272227723028,0.2181978615527023,0.010237530950426343,-0.19139228574398615,0.36520508144861885,-0.9643927253878763
0.681948424068768,-1.5122700104891875,-1.9124557523668382,1.068093171103901,0.1458946346881983,1.227506609923784,0.1850666769267876,0.23048838420155837,0.19864813366745687,-0.07140140322164057,-0.2027282901354034,0.3614857365166315,-0.9875491648575555
0.7020057306590258,-1.487738300204151,-1.908795353213248,1.0727750278612607,0.14966948053207832,1.2254802599929497,0.18096022717376523,0.23768761960326756,0.17882245282181952,-0.12660432707584524,-0.20662056854872352,0.35858657139045036,-0.991721924814293
0.7220630372492838,-1.4632562611451747,-1.9052173319646293,1.0776003514149446,0.15304832361467233,1.22263653779484,0.1768559186744334,0.24483828061069257,0.15911645840281605,-0.1526921078166188,-0.20240317352284756,0.35665243929167545,-0.9753144255814066
0.7421203438395416,-1.438834239120128,-1.9017199794647233,1.0825683729405529,0.15603778015499592,1.2195845375196788,0.17292260437218676,0.2519611164165956,0.13995772139100537,-0.14698561264840287,-0.18941015759667798,0.3558281934418899,-0.9367300874822153
0.7621776504297995,-1.4144698622265173,-1.8982980763089103,1.0876787675681874,0.15865333710761143,1.216986936013601,0.16934245615964216,0.259079773278172,0.12180574436048061,-0.106805708775637,-0.16697557330911741,0.3562586870626685,-0.8743723308400413
0.7822349570200574,-1.3901469691983668,-1.8949426264652272,1.0929317123237363,0.1609199907944982,1.2155599927786536,0.16631096487863856,0.2662207945170496,0.10515196147886807,-0.029473263402756356,-0.1344334731990673,0.3580887733756022,-0.7866445759782025
0.8022922636103152,-1.3658345377531007,-1.8916405908953806,1.098327944070166,0.16287288553692364,1.216073549972795,0.16403694032023672,0.2734136205192872,0.09051973850732811,0.08769085626579809,-0.09111790980543,0.36146330560227824,-0.6719502432200182
0.8223495702005731,-1.3414856129384254,-1.8883746211757648,1.103868817448808,0.16455795228731346,1.2193510324098942,0.16274251122471928,0.2806905887353761,0.07846437280055427,0.24736578302558687,-0.03636293566710802,0.36652713696426176,-0.5286927528888099
0.842406876790831,-1.3170362354792102,-1.8851227931184757,1.1095563628206475,0.16603254726112274,1.2262694475597304,0.16266312528159083,0.2880869336802365,0.06957309330677362,0.45223064967217663,0.030497396676996802,0.3734251206831516,-0.3552755253078965
0.8624641833810889,-1.2924043701243701,-1.881858340392327,1.1153933442076127,0.1673660905687064,1.237759385547997,0.16404754912957836,0.2956407869332251,0.06446506056774756,0.7049645890011229,0.11012903468798285,0.3823021099805395,-0.15010198080059745
0.8825214899713467,-1.26748856774566,-1.8785495146016826,1.1213836647658255,0.1686401126395445,1.254962931202954,0.16708185660631952,0.3036010385845835,0.06343613390874885,1.0699425078413765,0.17268336644287566,0.47592189435313914,-0.05359614364178672
0.9025787965616047,-1.2421395260156816,-1.8751748417914378,1.1275724976446428,0.16987803481647595,1.2816593629869404,0.17031320455847598,0.31632442301162433,0.05938596209403885,1.5854488656976427,0.15101494537538304,0.7886107013451252,-0.34466380969525956
0.9226361031518625,-1.2161590851001596,-1.8717396527628838,1.1340752503272513,0.17097941175621123,1.317824813683717,0.17314450245312213,0.3348405712888674,0.049913638857294496,2.017544401482502,0.13265372907597792,1.0555652059088552,-0.5961228752953127
0.9426934097421205,-1.1893742667843084,-1.8682512969288638,1.1409987780007818,0.17184359751461997,1.3618330669935714,0.17564041648866718,0.3582568129598683,0.03579264084057666,2.370429129366943,0.11745192784936048,1.2789869672560088,-0.8098428771428133
0.9627507163323783,-1.1616437771765016,-1.8647158599361915,1.1484325227550816,0.17238504177307332,1.4121419069002001,0.1778626570696132,0.38572450875240855,0.017759053951926555,2.648303063522027,0.10526175200023005,1.4610775445982735,-0.9876933519386337
0.9828080229226361,-1.1328563267026044,-1.8611382227815296,1.156449394206394,0.17253254202376292,1.4672931176707291,0.17986997880655756,0.41643905057850983,-0.0034884266346302184,2.8553662181187924,0.0959354118332939,1.6040384971473576,-1.1315438363836396
1.002865329512894,-1.1029289501003054,-1.857522120927268,1.1651066501210467,0.17222849575502083,1.5259124838557039,0.1817181805161911,0.44963986153442703,-0.02728849647908583,2.9958186073282667,0.08932511765325096,1.7100713841149484,-1.2432638671787066
1.022922636103152,-1.07180532641345,-1.8538702034174024,1.1744467770391323,0.17142815263663877,1.5867097902890845,0.1834601052212982,0.484610395900643,-0.053017241875451114,3.073860245321485,0.08528307976480592,1.781377764712742,-1.3247229810247025
1.0429799426934099,-1.0394540989863663,-1.8501840919934107,1.1844983708981986,0.1700988667051886,1.6484788220882618,0.18514564015075857,0.5206781391418822,-0.08008813985175274,3.0936911462694923,0.08366150847266107,1.8201591981524432,-1.3777907146224977
1.0630372492836677,-1.0058671954582048,-1.8464644402101333,1.195277017656927,0.16821934854934084,1.710097364654037,0.18682171673954467,0.5572146079070981,-0.10795205817003556,3.0595113243433136,0.08431261408151836,1.828617243645736,-1.4043366046729633
1.0830945558739256,-0.9710581477572624,-1.8427109925516498,1.2067861739188224,0.1657789174951855,1.7705272036706399,0.18853231062872397,0.59363535002948,-0.13609725532636163,2.975520793713989,0.08708860689608044,1.808953460404318,-1.4062301878769679
1.1031518624641834,-0.9350604120953194,-1.8389226435471575,1.2190180475558952,0.16277675379155085,1.8288141251057155,0.19031844166545725,0.6293999445264504,-0.16404938055081036,2.8459195685525556,0.09184169722105062,1.7633694076398871,-1.3853410009353826
1.1232091690544412,-0.8979256889619669,-1.8350974968868496,1.231954478332347,0.1592211507953236,1.8840879152103343,0.192218173903,0.6640120015996669,-0.19137147380747882,2.6749076630300506,0.0984240953611315,1.694066644564141,-1.3435385805490774
1.1432664756446993,-0.8597222431189417,-1.8312329245377934,1.2455678185282555,0.15512876715676818,1.935562360518985,0.1942666156007014,0.6970191626350196,-0.21766396579448116,2.466685091317501,0.10668801162102426,1.603246730388764,-1.2826924634189243
1.1633237822349571,-0.8205332235944571,-1.8273256258598078,1.259821813563256,0.1505238790048466,1.9825352478495752,0.19649591922400447,0.7280131002026319,-0.24256467794394931,2.2254518675859547,0.11648565630543328,1.4931112243254638,-1.204672186245791
1.183381088825215,-0.780454983677533,-1.8233716867213425,1.274672482620231,0.14543763213253816,2.024388364303437,0.19893528144444678,0.7566295180568627,-0.26574882242203235,1.9554080060064347,0.12766923971905908,1.365861685585922,-1.1113472857305509
1.2034383954154728,-0.7395954009123289,-1.819366638615355,1.290068999268991,0.13990729418215878,2.06058749726532,0.20161094313965963,0.7825481511363047,-0.2869290021288965,1.6607535207499868,0.1400909721666066,1.223699673381848,-1.0045872985740703
1.2234957020057307,-0.6980721970924753,-1.8153055177751898,1.3059545720899621,0.13397550683068113,2.0906824344033965,0.20454618939336855,0.8054927655637846,-0.30585521069872595,1.3456884259876443,0.15360306395277679,1.0688267469249322,-0.8862617614772214
1.2435530085959887,-0.6560112582554045,-1.8111829242904554,1.3222673252978683,0.1276895379750539,2.114306963669259,0.20776134949539288,0.8252311586463611,-0.3223148324997219,1.014412735890442,0.16805772538227348,0.9034444654268672,-0.7582402111408745
1.2636103151862466,-0.6135449546766827,-1.806993081222903,1.338941179365418,0.12110053391752164,2.1311788732979218,0.21127379694164627,0.8415751588753295,-0.3361326426341034,0.6711264646294115,0.18330716675979786,0.7297543880993445,-0.6223921842658996
1.2836676217765044,-0.5708104608643421,-1.8027298937223046,1.355906731646987,0.11426277155094433,2.141099951807817,0.21509794943413632,0.8543806259262166,-0.34717080693810637,0.32002962637559484,0.19920359839005308,0.5499580741540715,-0.4805872175531688
1.3037249283667622,-0.527948075553212,-1.7983870081423319,1.373092137002304,0.1072329105441169,2.1439559880008012,0.21924526888096466,0.8635474506587855,-0.3553288819819843,-0.03467776469997297,0.21559923057774188,0.3662570828027345,-0.33469484770354935
1.32378223495702,-0.4850995416992503,-1.7939578711564328,1.3904239884201357,0.10006924552708926,2.1397167709621474,0.22372426139632698,0.8690195551170306,-0.36054381507000816,-0.3887956944262623,0.23234627362756655,0.18085297325702854,-0.18658461141791297
1.3438395415472781,-0.4424063664738753,-1.7894357888737102,1.4078281976419702,0.09283095827648569,2.128436090060553,0.22854047730051297,0.8707848925291821,-0.3627899442404665,-0.7381241486322274,0.24929693784423068,-0.004052695271347773,-0.03812604539713012
1.363896848137536,-0.40000814125829676,-1.7848139859548011,1.4252308757857044,0.08557736990082433,2.1102517349481347,0.23369651111990652,0.8688754473077038,-0.36207899826566486,-1.0784631131468352,0.26630343353243613,-0.18625836357069758,0.10881131365792966
1.3839541547277938,-0.3580408616378483,-1.780085664727753,1.4425592139693246,0.0783671930258373,2.0853854955604283,0.23919200158698534,0.8633672350492918,-0.35846009665192663,-1.4056125737990683,0.2832179709968836,-0.36356247242933826,0.2523579290463958
1.4040114613180517,-0.3166352473963183,-1.7752440643039036,1.459742363934595,0.07125778397978993,2.0541431621163944,0.24502363164032148,0.8543803025348797,-0.35201974963959215,-1.7153725164178546,0.2998927605422801,-0.5337634626355516,0.3906442640673977
1.4240687679083095,-0.27591506251028175,-1.7702825196937577,1.4767123186707398,0.06430439497880054,2.01691452511841,0.25118512842458074,0.8420787277296302,-0.3428818582030196,-2.0035429268321963,0.3161800124733234,-0.694659774977664,0.5218007820200655
1.4441260744985676,-0.23599543514343235,-1.7651945209228659,1.4934047930381298,0.05755942631216022,1.9741733753522759,0.25766726329052353,0.8266706197829441,-0.3312077140505842,-2.2659237908710352,0.3319319370947187,-0.8440498502439757,0.6439579462035293
1.4641833810888254,-0.19698117764091316,-1.7599737721477033,1.5097601043919648,0.051071678527652285,1.9264775038872122,0.26445785179500336,0.8084081190284551,-0.31719599962467887,-2.498315094363333,0.3470007447111694,-0.9797321292227812,0.7552462199169175
1.4842406876790832,-0.1589651065236486,-1.754614250771546,1.5257240532059608,0.044885604616872125,1.8744687020758608,0.27154175370096867,0.7875873969840281,-0.3010827881017138,-2.696516823138065,0.36123864562737684,-1.0995050527023862,0.8537960664593609
1.504297994269341,-0.12202636248267651,-1.7491102665603513,1.5412488036960328,0.03904056220054662,1.81887276155428,0.27890087297746136,0.7645486563517654,-0.28314154339211656,-2.8563289630241977,0.3744978501480427,-1.2011670614711067,0.9377379491299898
1.524355300859599,-0.08622873037347856,-1.7434565207586334,1.5562937644439805,0.03357006571385403,1.7604994742419562,0.28651415779961803,0.7396761310180011,-0.263683120140332,-2.9735514998506782,0.3866305685778715,-1.2825165963172438,1.0052023312279326
1.5444126074498568,-0.05161895921031334,-1.7376481652053442,1.5708264690211722,0.028501038591743508,1.7002426323417912,0.2943576005486688,0.7133980860533033,-0.24305576372482293,-3.043984419446505,0.39748901122156244,-1.3413520980291076,1.05431967605232
1.5644699140401148,-0.018225082160546746,-1.7316808614497488,1.5848234566122308,0.023853065454254748,1.639080028340107,0.3024042378119377,0.6861868177124766,-0.22164511025806874,-3.063427707640595,0.4069253883838234,-1.3754720073949782,1.0832204469022813
1.5845272206303727,0.01394526346101621,-1.725550839867306,1.5982711526387166,0.019637644291837727,1.5780734550066517,0.31062415038284347,0.6585586534345556,-0.1998741865865669,-3.027681350261953,0.41479191036935187,-1.3826747652031917,1.0900351070769463
1.6045845272206305,0.04490651619779884,-1.7192549587755444,1.6111667493828132,0.015857438650672278,1.518368705394586,0.31898446326089824,0.6310739518428106,-0.1782034102908319,-2.932545333139518,0.4209407874828537,-1.3607588122420307,1.072894119875445
1.6246418338108883,0.07469687045712314,-1.712790763549942,1.6235190866110127,0.012505529817987793,1.461195572840503,0.3274493456517088,0.6043371027447471,-0.157130589685396,-2.7738196421022785,0.4252242300290294,-1.3075225892998183,1.029927948596907
1.6446991404011462,0.10337995651587661,-1.7061565457398031,1.6353495321977984,0.00956466900738279,1.4078678509644016,0.33598001096697544,0.5789965271321034,-0.13719092381880837,-2.5473042629791767,0.4274944483125833,-1.2207645371648468,0.9592670565404622
1.6647564469914042,0.13104652052617904,-1.699351402184138,1.6466928627493318,0.007006529544144681,1.3597833336697147,0.34453471682449244,0.5557446771808507,-0.11895700247363593,-2.2487991815991677,0.427603652638219,-1.0982830966254085,0.8590419070052396
1.684813753581662,0.15781610452105665,-1.6923752941275394,1.6575981442271355,0.004790959050569359,1.3184238151432872,0.3530687650481493,0.5353180362511951,-0.10303880616646308,-1.8741043837912486,0.4254040533106349,-0.9378767084698367,0.7273829632903707
1.70487106017192,0.18383872642010424,-1.6852291063360616,1.6681296125717786,0.002865231631280823,1.2853550898553923,0.361534501667928,0.5184971188875767,-0.09008370614789124,-1.419019855384363,0.42074786063453695,-0.7373438134864188,0.5624206886949829
1.7249283667621778,0.2092965600351575,-1.677914706213098,1.6783675543265624,0.0011633000585509028,1.2622269525597127,0.3698813169199051,0.5061064708186673,-0.08077646440253962,-0.8793455822074847,0.41348728491462516,-0.49448285246346657,0.3622855465182073
1.7449856733524356,0.23440561507595925,-1.6704350029152597,1.6884091872612021,-0.00039495204238114266,1.250773198293364,0.3780556452462523,0.49901466895737784,-0.07583923364904464,-0.2508815500895807,0.4034745364556045,-0.2070922661892851,0.12510800005917333
1.7650429799426934,0.259416094320458,-1.662790564390145,1.6983628183583446,-0.0019019654849821539,1.2523961135962216,0.38702824206814407,0.4961188547704448,-0.07527974713482749,0.3800065031961068,0.5938839965085749,-0.2755443180214221,0.0010058425024415643
1.7851002865329515,0.28457489188597096,-1.6549068083786667,1.7082014860045631,-0.00340620762146742,1.2651602640711774,0.4025242496374109,0.4863671019102417,-0.0750879550331791,0.8830569887409587,0.9469925390099025,-0.689832465307606,0.017959868077681185
1.8051575931232093,0.3100843060865901,-1.6466459588206765,1.7177661346002637,-0.004903307929219301,1.2871971610679551,0.42456724981007965,0.4689083432792934,-0.07456977611125795,1.3079226626001155,1.2489970087422666,-1.046702544420635,0.03365033872225962
1.8252148997134672,0.33611441149330634,-1.6378871311779029,1.7269139245839387,-0.006386989057141462,1.3169815987861508,0.4521599862443835,0.44486348128157793,-0.07375013261612473,1.6584525681043005,1.502379917066872,-1.348900451309333,0.04811213959143737
1.845272206303725,0.36280554836976187,-1.6285288895366377,1.7355238852629646,-0.007851465122047718,1.3530653522919647,0.484354852825778,0.4152985004020896,-0.07265324909173473,1.9384957485840753,1.709623775344918,-1.5991720819225796,0.06138015584047496
1.8653295128939829,0.39026986228959437,-1.6184882536031906,1.7434958164552319,-0.009291427754599943,1.3940771775182206,0.5202538936669443,0.3812244672068506,-0.07130265237893824,2.151901247370167,1.8732110949376182,-1.800263332209242,0.07348927262463281
1.885386819484241,0.4185928437537645,-1.6076997056993458,1.7507491901307628,-0.010702032145245975,1.4387228112643515,0.5590088031077886,0.3435975303429052,-0.06972117161548023,2.3025181077931887,1.9956243872061732,-1.9549200981181643,0.08447437509917141
1.9054441260744988,0.44783486780788273,-1.5961141977578175,1.7572220520533264,-0.012078883090157479,1.4857849711963995,0.5998209257154385,0.30331892053831766,-0.06793093823600045,2.394195373183777,2.0793461635117825,-2.065888275598241,0.09437034841935141
1.9255014326647566,0.47803273365955157,-1.5836981583177043,1.7628699234220668,-0.01341802103716788,1.534123355847024,0.6419412562842483,0.26123495060217516,-0.06595338597203348,2.430782086872651,2.126858935215659,-2.1359137605983087,0.10321207774043313
1.9455587392550144,0.5092012042956897,-1.5704324995199466,1.7676647025131187,-0.014715908131710233,1.5826746446154978,0.6846704398357946,0.2181370154245918,-0.06380925085200868,2.416127292190401,2.140645213679,-2.1677424490672452,0.1110344482176772
1.9656160458452723,0.5413345460998698,-1.5563116241027797,1.7715935663212297,-0.01596941426275514,1.6304524977677048,0.7273587716188794,0.17476159197670088,-0.06151857120125022,2.3540800324677242,2.1231875102630156,-2.1641202369539076,0.11787234500634398
1.9856733524355303,0.5744080684696469,-1.5413424323971914,1.774657872201381,-0.017175803108748618,1.6765475564361423,0.7694061971095278,0.13179023931065803,-0.05910068764197705,2.2484893510352393,2.0769683363289073,-2.1277930202071724,0.12376065326169414
2.005730659025788,0.608379663433892,-1.5255433293223768,1.7768720595104053,-0.01833271818355002,1.7201274426199196,0.8102623120109896,0.08984959855964336,-0.056574243093302834,2.103204291223621,2.0044702032378785,-2.061506694775895,0.12873425813898803
2.025787965616046,0.6431913452701257,-1.5089432313811935,1.7782625512486108,-0.019438168882369922,1.7604367591847636,0.8494263622537385,0.04951139293786,-0.053957182771236165,1.9220738963635071,1.908175622351136,-1.968007156608949,0.13282804479348626
2.045845272206304,0.6787707901218467,-1.4915805736556176,1.7788666557013986,-0.02049051652770801,1.796797089863008,0.8864472439954719,0.011292427740531297,-0.0512667541886803,1.7089472097855634,1.7905671050298833,-1.850040301655186,0.13607689838044923
2.0659025787965617,0.7150328756158686,-1.4735023168021992,1.778731468080885,-0.021488460415290987,1.8286069992536047,0.9209235036211117,-0.02434540965609422,-0.04851950715543335,1.467673274820438,1.6541271626353256,-1.7103520258634735,0.13851570405513736
2.0859598853868198,0.7518812204796497,-1.454762954047517,1.7779127721675223,-0.02243102386001048,1.8553420328221149,0.9525033377428038,-0.0569951497947474,-0.0457312937781882,1.2021011347987844,1.5013383065286652,-1.5516882251826853,0.14017934697281137
2.1060171919770774,0.7892097241586269,-1.4354235181836348,1.7764739419517184,-0.02331754024186091,1.8765547169007164,0.9808845931999188,-0.08630474113713404,-0.042917268460532565,0.9160798330512563,1.334683048071109,-1.3767947955616737,0.1411027122887316
2.1260744985673354,0.8269041064335458,-1.415550588563557,1.774484843275457,-0.02414763905187741,1.8918745586881975,1.0058147670590505,-0.11197705006393877,-0.0400918879029489,0.6134584129084999,1.1566438986238614,-1.1884176329493172,0.14132068515815868
2.1461318051575935,0.8648434470377921,-1.395215298096684,1.7720207354739161,-0.024921231938073676,1.9010080462499594,1.027091006614017,-0.13376986087482323,-0.03726891110281444,0.298085917701183,0.9697033695481254,-0.9893026332944608,0.14086815073635298
2.166189111747851,0.9029017252747278,-1.3744923402442675,1.7691611730170949,-0.025638498751379937,1.9037386485180194,1.0445601093858607,-0.15149587578842638,-0.03446139935440126,-0.026188609240048066,0.7763439722051073,-0.7821956925459865,0.1397799941785751
2.186246418338109,0.9409493596350202,-1.3534589760148656,1.765988907151426,-0.026299873591580786,1.8999268152910034,1.0581185231228478,-0.16502271494236487,-0.03168171624887618,-0.35551612458453974,0.5790482179560117,-0.5698427066527465,0.1380911006400853
2.206303724928367,0.9788547474139762,-1.3321940409597999,1.7625887875414021,-0.026906030853253108,1.8895099772341535,1.067712345800469,-0.17427291639322995,-0.02894152767430086,-0.6860475850016492,0.3802986181620387,-0.3549895715636193,0.1358363552761443
2.226361031518625,1.016485804328874,-1.3107769521686086,1.759046663911195,-0.02745787127170399,1.8725025458793239,1.0733373256214382,-0.17922393611659526,-0.02625180181563168,-1.013933947160723,0.18257768418439646,-0.14038218322746054,0.1330506432420127
2.2464183381088825,1.0537115041362926,-1.2892867152645044,1.7554482876862734,-0.027956507968908563,1.8489959136249823,1.0750388610156947,-0.17990814800700772,-0.023622809154719877,-1.3353261677310932,-0.011632072615712197,0.07123356240686896,0.12976884969295066
2.2664756446991405,1.0904034182494504,-1.2678009313998282,1.7518782136350262,-0.02840325249944794,1.8191584537362093,1.0729120006404012,-0.17641284387799194,-0.021064122470311447,-1.646375203382103,-0.19984814087707825,0.2771117693904994,0.12602585978421893
2.2865329512893986,1.1264372553555306,-1.2463948042515063,1.748418701510382,-0.02879960089644712,1.7832355203446983,1.0671014433799444,-0.1688802334620516,-0.01858461683804717,-1.9432320107831096,-0.37958800923850156,0.4745065417745771,0.12185655867107784
2.306590257879656,1.1616944010330168,-1.2251401470165046,1.745148617691429,-0.029147219717512832,1.7415494484487555,1.0578015383459354,-0.15750744441066544,-0.01619246963046264,-2.2220475466034735,-0.5483691663387793,0.6606719836102144,0.11729583150878811
2.3266475644699143,1.196063457369025,-1.2041043894072843,1.7421423368250373,-0.029447932090671494,1.6944995539133005,1.0452562848772091,-0.14254652229429166,-0.01389516051698824,-2.4789727675125306,-0.7037091008167033,0.8328621989485647,0.11237856345261016
2.346704871060172,1.229441782576636,-1.183349584647258,1.7394686434674762,-0.029703703760307065,1.642562133469868,1.0297593325398244,-0.12430443060236396,-0.01169947146394909,-2.7101586301796026,-0.8431253013110664,0.9883312918407663,0.1071396396578042
2.36676217765043,1.2617370306122284,-1.1629314164662443,1.7371896337260389,-0.02991662913309896,1.5862904647165994,1.0116539811270642,-0.10314305074329422,-0.009611486734565147,-2.9117560912740803,-0.9641352564606733,1.1243333663379405,0.10161394527963118
2.386819484240688,1.2928686907928073,-1.142898206095925,1.7353596169006584,-0.03008891732395994,1.5263148061182594,0.9913331806594372,-0.07947918204447202,-0.00763659288895123,-3.0799161074652863,-1.0642564549043132,1.2381225264912294,0.09583636547335142
2.4068767908309456,1.3227696274133414,-1.1232899192652983,1.7340240171255312,-0.030222878201974,1.4633423970062136,0.9692395313846736,-0.05378454175226377,-0.005779478784116748,-3.2107896354225676,-1.141006385280781,1.3269528763517713,0.08984178539422523
2.4269340974212037,1.351387619364092,-1.1041371731961362,1.7332182750107368,-0.030320908436334303,1.3981574575784528,0.9458652837777282,-0.02658576503201182,-0.004044135573966101,-3.3005276318152723,-1.1919025362288727,1.3880785199707033,0.08366509019751323
2.4469914040114613,1.3786868997479464,-1.0854602435984395,1.7329667492838574,-0.030385477542281002,1.3316211888995726,0.9217523385407818,0.0015355950319611011,-0.002433856709298382,-3.345281053312755,-1.2144623963873886,1.4187535613991558,0.07734116503847607
2.4670487106017194,1.4046496954977492,-1.0672680716658929,1.7332816184316,-0.030419113927039217,1.2646717729007833,0.8974922466032376,0.029943067436358994,-0.000951237937807492,-3.3412008565843436,-1.2062034543951152,1.4162321046882722,0.07090489507237399
2.4871060171919774,1.4292777669936378,-1.0495572710713204,1.7341617823414148,-0.030424390935756874,1.1983243723799086,0.8737262091217242,0.05794526325890459,0.000401822695917875,-3.284437998299417,-1.1646431988908583,1.3777682538891742,0.06439116545446771
2.507163323782235,1.452593947680369,-1.0323111349621417,1.7355917639431175,-0.030403912897442632,1.133671131001388,0.8511450774800917,0.08479587565834601,0.0016241248503942526,-3.1711434351272842,-1.087299118513405,1.300616113053012,0.057834861340017446
2.527220630372493,1.4746436836846564,-1.0154986429558273,1.7375406108505085,-0.030360301170903752,1.0718811732962674,0.8304893532894162,0.10969367987445144,0.0027151658872433745,-2.997468123737331,-0.9716887019015612,1.1820297862309062,0.05127086788428409
2.5472779369627507,1.4954965734325012,-0.9990734681353537,1.7399607970029938,-0.03029618019068403,1.014200604662217,0.8125491883879994,0.1317825332280158,0.0036751408711921466,-2.7595630207988435,-0.8153294376941052,1.0192633774740187,0.044734070242527735
2.567335243553009,1.515247907266522,-0.9829729840446593,1.7427871243072064,-0.030214163513001657,0.9619525113635072,0.7981643848413638,0.15015137512085408,0.004504942570072751,-2.453579082981257,-0.6157388145298484,0.8095709908334392,0.03825935357000926
2.587392550143267,1.53402020706329,-0.9671172716840992,1.7459356242786244,-0.03011683986168713,0.9165369605310336,0.7882243949422599,0.16383422703580508,0.005206161454822476,-2.0756672669538645,-0.3704343210475862,0.5502067303603475,0.03188160302198906
2.6074498567335245,1.551964765850662,-0.9514081265059027,1.7493024596831936,-0.030006759174121145,0.8794310001622905,0.7836683212106559,0.17181019253672591,0.005781085699484,-1.6219785293859985,-0.07693344588610174,0.2384247001058668,0.025635703753727368
2.6275071633237825,1.5692631874251082,-0.9357280654096258,1.7527628261789479,-0.029886418647172504,0.8521886591213983,0.7854849163937505,0.17300345726850305,0.00623270118120507,-1.0886638269470694,0.2672463223157955,-0.12852099587887977,0.019556540920484977
2.64756446991404,1.5861161135695374,-0.9199409489037769,1.7561905465736931,-0.02975681753549996,0.8338396347499858,0.7943545984696301,0.17042729718528832,0.006848536295681246,-0.8290890512362873,0.6075323720248926,0.0006545489803325075,0.05088570000648529
2.667621776504298,1.6026361487943488,-0.9039123196359549,1.759617861474309,-0.02960702323041548,0.8185971015864428,0.8094738838100739,0.17320103023829247,0.008257924441176012,-0.6991033050412616,0.8972325254241745,0.26973987484292694,0.0890000466604679
2.6876790830945563,1.618875776478733,-0.8875261965811501,1.7631517106658132,-0.029421834242111845,0.8057222588665784,0.8299640548493278,0.18094456036943785,0.010367471073091356,-0.5921041111094862,1.1449559832330252,0.49797542927061345,0.12095432996315703
2.707736389684814,1.634877839479417,-0.8706834233479732,1.7668834566044735,-0.02918845830100507,0.7947683292906755,0.8550056801552128,0.19286136249859864,0.01305714180327816,-0.5067960948860128,1.3527129934144244,0.6874082471203382,0.1470652378022277
2.727793696275072,1.6506765041820413,-0.8533008301240859,1.7708889406519244,-0.028896440487696594,0.785314443050114,0.8838195332548084,0.20819585224277914,0.016213236001340843,-0.4418838818159081,1.5225138039313593,0.8400853632490115,0.1676494580653538
2.7478510028653296,1.6662977786509874,-0.8353104295770155,1.7752293018891134,-0.028537536557818266,0.7769656378273813,0.9156665926344572,0.22623338591613099,0.01972838679463719,-0.3960720973442804,1.6563686627467953,0.9580538125135725,0.18302367864021066
2.7679083094555876,1.6817600307791927,-0.816658612754972,1.7799517959302402,-0.0281055862668772,0.769352858796053,0.9498480417397565,0.2463002605299398,0.02350156106827863,-0.3680653669162668,1.7562878178237051,1.043360629770889,0.19350458741447282
2.7879656160458457,1.697074506437982,-0.7973053449876577,1.7850906137367037,-0.02759638669510077,0.7621329586208068,0.9857052689755679,0.267763713792632,0.027438059465129984,-0.35656831597687777,1.824281517125081,1.098052849877921,0.1994088722758144
2.8080229226361033,1.7122458476268831,-0.7772233617870872,1.7906677004310418,-0.027007565572281525,0.7549886974574201,1.0226198677060099,0.29003192410976814,0.031449516385809576,-0.36028556997123573,1.8623600086138907,1.1241775076915594,0.20105322111191057
2.8280802292263614,1.7272726106234515,-0.7563973647483988,1.7966935741108767,-0.026338454602622123,0.7476287429527654,1.06001363625446,0.312554010584051,0.03545389998868927,-0.3779217543444364,1.8725335402531051,1.1237816380687287,0.1987543218104361
2.848137535816619,1.7421477841330852,-0.7348232174506732,1.8031681446628516,-0.02558996278958018,0.7397876702448163,1.0973485779035568,0.3348200330153208,0.03937551218989437,-0.40818149454157826,1.8568123600057094,1.0989122758663443,0.19282886225906498
2.868194842406877,1.7568593074388632,-0.7125071413577415,1.8100815325765833,-0.024764449760713375,0.7312259619626407,1.1341269008951973,0.35636099190055337,0.04314498866330375,-0.44976941600774545,1.8172067158346739,1.0516164559413257,0.18359353034547246
2.888252148997135,1.7713905885513452,-0.6894649117190088,1.8174148877585956,-0.023865599092524184,0.7217300082264126,1.1698910184305396,0.3767488284338688,0.046699298840549665,-0.5013901441880222,1.755726855702978,0.9839412131505743,0.17136501395733295
2.9083094555873927,1.7857210223584126,-0.6657210534702618,1.8251412083462668,-0.022898291635304952,0.7111121066473909,1.2042235486699977,0.3955964245065169,0.04998174591101792,-0.5617483045275193,1.6743830275735911,0.8979335823510137,0.156460000982321
2.928366762177651,1.7998265087750824,-0.6413080371344861,1.833226159521774,-0.021868478837982767,0.6992104623279478,1.2367473147332513,0.4125576027068957,0.05294196682184783,-0.6295485224713246,1.5751854794094928,0.7956405983995616,0.13919517930811154
2.9484240687679084,1.8136799708933293,-0.6162654747226823,1.8416288923260316,-0.02078305607296439,0.6858891878615441,1.2671253446992334,0.4273271263205338,0.05553593227793221,-0.7034954234645134,1.4601444591736605,0.6791092961531309,0.11988723682237908
2.9684813753581665,1.827251873131909,-0.590639315634679,1.850302862472636,-0.019649735960981202,0.6710383033327392,1.29506087160614,0.43964069933010097,0.05772594674191735,-0.7822936329521717,1.3312702148290771,0.5503867104686488,0.09885286141279818
2.988538681948424,1.8405107393861755,-0.5644810425599494,1.8591966491618084,-0.01847692169593409,0.6545737363171926,1.320297333451425,0.4492749664154052,0.059480648434203004,-0.8646477763794138,1.1905729943387104,0.41151987620301433,0.0764087409670435
3.008595988538682,1.8534236711779117,-0.5378468673784229,1.8682547738943382,-0.01727358036973845,0.6364373218816657,1.3426183731918035,0.4560475129533934,0.06077500933294245,-0.9492624791913222,1.040063045665537,0.26455582821315105,0.05287156337278993
3.02865329512894,1.8659568658051415,-0.5107969270613049,1.8774185192855235,-0.01604911629716904,0.616596802584009,1.3618478387432478,0.4598168650181498,0.06159033517404244,-1.0348423668329865,0.8817506167725355,0.11154160135597557,0.02855801651771177
3.048710601719198,1.8780761344919625,-0.48339447957188675,1.8866267478791174,-0.014813244340704992,0.5950458284731788,1.3778497829809915,0.4604824893808961,0.06191426545116325,-1.1200920647494996,0.7176459556226789,-0.04547576951159549,0.003784788289483854
3.068767908309456,1.889747420538359,-0.45570509976636275,1.8958167209612682,-0.013575863235374665,0.5718039570892275,1.3905284637395288,0.45798479350999566,0.06174077341571861,-1.2037161983859477,0.5497593101789473,-0.20444924953265087,-0.021131433424219203
3.0888252148997135,1.9009373174700315,-0.427795875294644,1.9049249173744636,-0.012346928913600624,0.5469166534633079,1.3998283438126107,0.45230512557094693,0.0610701660768758,-1.2844193931874344,0.380100928404314,-0.36333180385027397,-0.04587396073572268
3.1088825214899716,1.9116135871882078,-0.3997346025011761,1.9138878523314704,-0.011136327830044541,0.5204552901176651,1.4057340909532487,0.44346577442638724,0.05990908420155554,-1.3609062745990386,0.21068105826175554,-0.5200763976075518,-0.07012610575735195
3.1289398280802296,1.9217456781194748,-0.37158898232575055,1.9226428962292816,-0.009953750286452144,0.4925171470656453,1.408270577873715,0.43152996963609347,0.05827050231443204,-1.431881468065864,0.043509947714252206,-0.6726359959475587,-0.09357118060143245
3.1489971346704873,1.9313052433656002,-0.34342581620432044,1.931129093463056,-0.008808563756498146,0.46322541181169274,1.407502882245538,0.4166018814569785,0.05617372869793306,-1.4960495990329932,-0.11940215527523002,-0.8189635640133925,-0.1158924973802895
3.1690544412607453,1.9402666588533468,-0.31531020196981663,1.939287981240063,-0.007709686210631173,0.432729179351357,1.403536286699512,0.3988266208430984,0.05364440539223979,-1.552115292945519,-0.2760450027437038,-0.9570120669481241,-0.13677336820624847
3.189111747851003,1.9486075414843027,-0.28730472975296073,1.9470644083936235,-0.006665459440918674,0.4012034521712682,1.396516278825684,0.37839023944564065,0.05071450819528693,-1.5987831752485242,-0.4244083467281943,-1.0847344698948387,-0.15589710519163463
3.209169054441261,1.9563092672846971,-0.25946867788308126,1.9544073541970541,-0.00568352238589189,0.3688491402491767,1.3866285511733643,0.3555197296129373,0.0474223466627627,-1.6347578713871123,-0.5624819392657336,-1.2000837379966338,-0.17294702044877341
3.229226361031519,1.9633574895552286,-0.23185720878892768,1.9612707471776099,-0.004770684455390754,0.3358930610539126,1.3740990012511212,0.3304830243904533,0.04381256410810881,-1.658744006806371,-0.688255532393331,-1.3010128363965823,-0.18760642608999015
3.2492836676217767,1.9697426570208787,-0.2045205648994859,1.967614283930425,-0.003932798855408825,0.3025879395454165,1.3591937315267835,0.3035889975207988,0.039936137602520405,-1.6694462069514096,-0.7997188781480329,-1.3854747302377808,-0.19955863422761014
3.2693409742120347,1.975460531980743,-0.17750326454479204,1.9734042479324594,-0.003174635912938229,0.26921240817472025,1.3422190494274382,0.27518746344371525,0.035850377974946196,-1.6655690972672836,-0.8948617285668456,-1.4514223846632923,-0.2084869569739588
3.2893982808022924,1.980512708457847,-0.150843297856748,1.9786143283564375,-0.002499756400814587,0.23607100688395377,1.3235214673394355,0.24566917729608395,0.031618929812088345,-1.645817303199107,-0.9716738356867989,-1.4968087648162194,-0.21407470644136142
3.3094555873925504,1.9849071303489687,-0.12457132266993698,1.9832264388847933,-0.0019103848625619385,0.20349418310634704,1.303487702608379,0.21546583491192894,0.027311771458402547,-1.6088954501919712,-1.0281449515449104,-1.5195868358396396,-0.21600519474214339
3.3295128939828085,1.9886586095744638,-0.09870986042243612,1.9872315365236126,-0.0014072829372376678,0.17183829176623,1.282544677539136,0.18505007282240715,0.023005215016097914,-1.5535081636909585,-1.0622648281782086,-1.5177095628766368,-0.2139617339886301
3.349570200573066,1.991789344228084,-0.07327249205663344,1.9906304404165764,-0.0009896226842774504,0.14148559527903437,1.2611595193958358,0.15493546825581905,0.01878190634513712,-1.4783600691411714,-1.072023217623724,-1.4891299110702967,-0.20762763629314696
3.369627507163324,1.9943294367268014,-0.048263053920042376,1.993434650658902,-0.0006548599083401722,0.11284426355127763,1.2398395604018608,0.12567653913759802,0.01473082506323633,-1.3821557919876923,-1.0554098719184655,-1.4318008455637035,-0.19668621376801906
3.3896848137535818,1.9963174119606286,-0.023674833666115003,1.9956671671112873,-0.0003986074841528563,0.08634837398058437,1.2191323377398553,0.09786874409031832,0.010947284545865153,-1.2635999576756163,-1.0104145430994667,-1.3436753314999414,-0.18082077852557193
3.40974212034384,1.9978007354424432,0.0005102338449423094,1.997363308213853,-0.0002145086813556031,0.062457911455676474,1.1996255935517257,0.0721484824336942,0.007532931926246728,-1.1213971916500185,-0.9350269832037448,-1.2227063340220887,-0.159714642678131
3.429799426934098,1.998836331457806,0.024322370645352365,1.9985715298000857,-9.411048934651363e-05,0.04165876835637228,1.1819472749386364,0.049193094184574626,0.004595748095357688,-0.9542521193560489,-0.8272369442683427,-1.0668468182732482,-0.13305111833802152
3.4498567335243555,1.9994911012147885,0.047804759758955484,1.99935424391078,-2.6736942126621766e-05,0.02446274455359454,1.1667655339610126,0.029720860056952958,0.002250047701928155,-0.7608693662387225,-0.6850341783302696,-0.8740497493964838,-0.10051351761756892
3.4699140401146136,1.9998424409937865,0.07101434930039163,1.9997886376079819,6.375568551767182e-07,0.011407547409346908,1.154788727638531,0.014491001461948372,0.0006164791524417196,-0.5399535577431749,-0.5064084374265505,-0.6422680925348985,-0.06178515262909838
3.489971346704871,1.9999787602973527,0.09402265657428854,1.9999674917889312,3.5149098571921715e-06,0.003056791776750778,1.1467654179501392,0.004303680507832475,-0.00017797538886450185,-0.2902093193144424,-0.2893494735941857,-0.3694548128315347,-0.016549335484935295
3.5100286532951293,2.0000000000000577,0.11691657217446894,2.000000000000029,4.375966368521211e-18,-3.552713678800501e-15,1.1434843718340204,-1.7763568394002505e-15,9.336589259589227e-17,-0.010341276397838328,-0.03184703887028206,-0.053562875429619794,0.03551062170259107
3.530085959885387,1.999978576282217,0.13978921325483107,1.9999862648636562,8.892183612288982e-06,-0.003086271209068148,1.1442276593509555,-0.0015205208485132877,0.0009753056760325561,-0.2935299842037361,0.10254732017034297,-0.09766866583908197,0.06134002605547464
3.550143266475645,1.999840672862482,0.16270216498361334,1.9999336227426416,4.218760358935406e-05,-0.01155474101089771,1.1474446087110903,-0.0038746502948463274,0.0024270462307371963,-0.5487499384211536,0.21569328974956548,-0.13696000544071946,0.08318620868607556
3.570200573065903,1.999484163998615,0.1857007205775063,1.9998263498470987,0.00010863115280669332,-0.02485736249854102,1.1527207007831757,-0.006968275536583997,0.004277483176644364,-0.7771339555327188,0.3086357356643987,-0.17165451560878708,0.1012417642919941
3.5902578796561606,1.9988176583232242,0.20882209184373668,1.9996505611189148,0.0002154514733299276,-0.04246874509471797,1.1596623137518847,-0.01071163619880136,0.006452729920236416,-0.9798148520212298,0.38241952371187016,-0.2019698177174971,0.1156992875708305
3.6103151862464187,1.9977600457171616,0.23209582712638221,1.9993941231831995,0.0003684379942938447,-0.06388615455179114,1.1678967231178452,-0.015019324334051225,0.008882751761947711,-1.1579254443692735,0.43808951968898535,-0.22812353314109068,0.12675137322018504
3.6303724928366763,1.996240044182938,0.25554422925269416,1.999046567299738,0.0005720179697814398,-0.08862951295177196,1.1770721016976216,-0.019810284422372107,0.01150136589616461,-1.3125985490597456,0.47669058939273024,-0.2503332832538434,0.13459061593765795
3.6504297994269344,1.9941957467181313,0.2791827734794139,1.9985990023144393,0.0008293335167029556,-0.11624139870634487,1.1868575196237126,-0.025007813371293652,0.014246241411225491,-1.4449669825752416,0.49926759862013803,-0.26881668942997905,0.13940961042084948
3.6704871060171924,1.991574168188786,0.30302052543909364,1.9980440276107887,0.0011423186526749222,-0.14628704655683666,1.1969429443445638,-0.030539560515824016,0.017058899289420726,-1.5561635613985825,0.5068654131681818,-0.2837913730437571,0.14140095136735994
3.69054441260745,1.9883307922028193,0.32706055908640996,1.9973756460612921,0.0015117763338991959,-0.17835434757422597,1.2070392406245578,-0.03633752761845627,0.019884712406992685,-1.6473211020124285,0.5005288988338892,-0.2954749554694063,0.14075723347478947
3.710601719197708,1.9844291179834408,0.35130037464449115,1.9965891769789363,0.001937455493042004,-0.21205384915915504,1.2168781705440175,-0.042338068869173684,0.02267290553413577,-1.719572420899535,0.4813029214142599,-0.30408505808117425,0.13767105144073846
3.7306590257879657,1.9798402072425425,0.3757323165512285,1.9956811690686287,0.002418128077112978,-0.24701875504191406,1.2262123934992064,-0.048481890885439194,0.025376555334996366,-1.7740503345426237,0.4502323467063043,-0.30983930225331147,0.13233499996280707
3.7507163323782238,1.974542231054118,0.4003439914055975,1.9946493133786545,0.0029516660853441986,-0.2829049252824516,1.2348154662023267,-0.054714052712203864,0.027952590367672853,-1.8118876594244249,0.40836204050701674,-0.31295530936006166,0.1249416737385955
3.770773638968482,1.9685200167276662,0.4251186859139793,1.9934923562521258,0.0035351186070692324,-0.31939087627036766,1.2424818426815243,-0.06098396582190069,0.03036179108421564,-1.8342172120276743,0.35673686861340137,-0.3136507007756695,0.1156836674657041
3.7908309455587395,1.9617645946815978,0.45003578483647777,1.9922100122784316,0.004164788859602182,-0.3561777807249187,1.2490268742808812,-0.0672453941144513,0.03256878983062716,-1.84217180883509,0.2964016968224765,-0.3121430978743831,0.10475357584173309
3.8108882521489975,1.95427274531664,0.4750711889332351,1.9908028772446862,0.004836311226116708,-0.3929894676950174,1.2542868096604216,-0.07345645391725886,0.03454207084686178,-1.8368842663293847,0.22840139093124456,-0.30865012203044095,0.09234399356428287
3.830945558739255,1.946046545889244,0.5001977329107548,1.9892723410871802,0.005544728293525086,-0.4295724225592248,1.2581187947961094,-0.07957961398521252,0.03625397026682595,-1.8194874009933137,0.15378081673669897,-0.3033893946180939,0.07864751533095332
3.851002865329513,1.9370929173849967,0.5253856033682194,1.9876205008428343,0.006284567890357235,-0.46569578702576564,1.2604008729798486,-0.08558169550068762,0.037680676118378074,-1.791114029309579,0.07358484003586341,-0.2965785370115732,0.06385673583934509
3.8710601719197713,1.9274231713920198,0.5506027567438077,1.9858500736006435,0.007049920124639767,-0.5011513591325101,1.2610319848194822,-0.09143387207354348,0.03880222832332857,-1.752896967760929,-0.011141673374272187,-0.28843517058514756,0.04816424978705826
3.891117478510029,1.917052556974384,0.5758153372610146,1.983964309453133,0.007834514421775015,-0.535753593246989,1.2599319682387948,-0.09711166974112295,0.03960251869743987,-1.705969032830069,-0.0993538576966948,-0.2791769167130429,0.031762651871692985
3.911174785100287,1.9059998075455122,0.6009880948749728,1.9819669044478065,0.008631796562420094,-0.5693396000663835,1.2570415584775114,-0.10259496696825599,0.04006929095042641,-1.6514630409997544,-0.19000684713441274,-0.2690213967695154,0.014844536790849669
3.9312320916905446,1.8942866877415887,0.6260848032187667,1.979861913538596,0.009435005720365918,-0.601769146617535,1.252322388091296,-0.10786799464725538,0.04019414068595467,-1.5905118087526802,-0.2820557758903881,-0.2581862321288,-0.0023975007578714985
3.9512893982808026,1.8819375402949627,0.6510686775497545,1.9776536635373116,0.01023725150041625,-0.6329246562569297,1.245756986951755,-0.11291933609792126,0.03997251540164306,-1.5242481525716016,-0.3744557781676541,-0.24688904416514923,-0.019770866076870175
3.9713467048710607,1.868978832907556,0.6759027926958847,1.9753466660650927,0.011031590976266747,-0.6627112086707214,1.2373487822464293,-0.11774192706753661,0.039403714489062026,-1.4538048889392279,-0.4661619881691834,-0.2353474542528069,-0.03708296446854628
3.9914040114613183,1.8554387051242727,0.7005505010020157,1.9729455305038583,0.011811105728383989,-0.6910565398747082,1.2271220984788056,-0.12233305573087039,0.038490889233734026,-1.3803148343382823,-0.5561295400979702,-0.2237790837660132,-0.05414120123529938
4.011461318051576,1.841346515206404,0.7249758502762358,1.9704548769477577,0.01256897888188451,-0.7179110422143458,1.2151221574683087,-0.1266943626901753,0.037241042815133574,-1.3049108052515166,-0.6433135681570192,-0.21240155407901717,-0.07075298167952904
4.031518624641834,1.826732387005035,0.7491440017361826,1.9678792491546198,0.013298572144413892,-0.7432477643647495,1.2014150783503021,-0.13083184097519185,0.03566503030668708,-1.2287256181616328,-0.7266692065493139,-0.2014324865660626,-0.08672571110363515
4.051575931232092,1.8116267568344506,0.7730216479553578,1.9652230274974032,0.013993502844025743,-0.7670624113306763,1.186087877576095,-0.1347558360431398,0.033777558675773055,-1.1528920895513757,-0.8051515894778589,-0.19108950260139856,-0.1018667948100178
4.07163323782235,1.7960599203455483,0.7965774308094509,1.9624903419156494,0.014647720967060768,-0.7893733444465516,1.1692484689129286,-0.13848104577873155,0.03159718678372196,-1.0785430359034578,-0.8777158511456449,-0.1815902235592599,-0.11598363810107645
4.091690544412608,1.780061579399236,0.8197823594226543,1.9596849848669282,0.015255586196025796,-0.8102215813764477,1.1510256634439884,-0.14202652049415665,0.029146325385816258,-1.0068112737006079,-0.9433171257556658,-0.17315227081389928,-0.128883646279211
4.111747851002866,1.763660388939846,0.8426102281139833,1.9568103242782924,0.015811944947472824,-0.8296707961140939,1.131569169568401,-0.1454156629290937,0.02645123713129045,-0.9388296194255688,-1.0009105475109177,-0.1659932657395693,-0.14037422464682134
4.131805157593123,1.7468835038685384,0.8650380343435975,1.953869216497726,0.01631220740987807,-0.8478073189828734,1.1110495930012299,-0.14867622825070637,0.023542036563331006,-0.8757308895610478,-1.0494512506143963,-0.16033082971049506,-0.150262778506307
4.151862464183381,1.729756125916711,0.8870463966591133,1.950863919245595,0.01675242458152098,-0.8647401366358203,1.089658436773484,-0.15184032405364256,0.020452690119076463,-0.818647900589778,-1.0878943692690912,-0.15638258410093253,-0.15835671316006786
4.1719197707736395,1.7123010505194007,0.90861997264193,1.947796004566097,0.01712936530836331,-0.8806008920556341,1.067608101232107,-0.15494441036003526,0.017221016129617274,-0.7687134689944872,-1.1151950376780002,-0.15436615028512934,-0.1644634339105036
4.191977077363897,1.6945382136886975,0.9297478768535439,1.9446662717787127,0.01744059332192814,-0.8955438845546606,1.045131884039984,-0.15802929961950163,0.013888684819995955,-0.7270604112579004,-1.1303083900441213,-0.1544991496373247,-0.16839034606001402
4.212034383954155,1.6764842388871473,0.950424098781868,1.9414746604296553,0.01768454427717892,-0.9097460697748936,1.0224839801759433,-0.16114015670914306,0.010501218309207035,-0.6948215438627638,-1.1321895605704473,-0.15699920353177266,-0.16994485491099895
4.232091690544413,1.6581519839011571,0.9706479207875516,1.9382201632433214,0.017860602790398503,-0.923407059687996,0.9999394819347458,-0.16432649893354778,0.007107990610196988,-0.6731296832917764,-1.119793683459969,-0.16208393334270532,-0.16893436576585807
4.252148997134671,1.6395500877144071,0.9904243360502991,1.9349007390737407,0.017969179477068206,-0.9367491225952769,0.9777943789271033,-0.16764219602479002,0.003762227629864362,-0.6631176460276968,-1.0920758929156946,-0.16997096044438642,-0.16516628392699118
4.2722063037249285,1.620682517381252,1.009764466515188,1.9315132258560266,0.018011787989746827,-0.9500171831277013,0.956365558079658,-0.17114547014242376,0.0005210071690596486,-0.6659182485532043,-1.047991323140593,-0.1808779062110304,-0.15844801469679798
4.292263610315187,1.601548114900134,1.028685980838988,1.9280532535578272,0.017991122055949695,-0.9634788222458859,0.9359908036349998,-0.1748988958734925,-0.002554741077414595,-0.6826643073510752,-0.9864951083376816,-0.1950223920169094,-0.14858696337767835
4.312320916905445,1.582140144086984,1.0472135123364814,1.9245151571307733,0.017911132516027713,-0.9774242772401127,0.9170287971516489,-0.1789694002325244,-0.005400235520803855,-0.714488638904001,-0.9065423827099508,-0.21262203923626544,-0.13539053527203193
4.332378223495702,1.5624458374486312,1.0653790769267775,1.9208918894619325,0.01777710436104639,-0.9921664417302951,0.8998591175040827,-0.18342826266152557,-0.00794684267840156,-0.7625240596947123,-0.8070882804603627,-0.23389446924331736,-0.11866613568225842
4.35243553008596,1.542445943056209,1.083222491079637,1.9171749343252553,0.01759573377066489,-1.0080408656660351,0.884882240882694,-0.188351115030003,-0.010122077173549229,-0.827903386205989,-0.6870879357920003,-0.259057303412348,-0.09822116991075791
4.372492836676218,1.5221142714185651,1.1007917897617867,1.9133542193330293,0.017375205151015066,-1.0254057553265612,0.8725195407938389,-0.1938179416349297,-0.01184960173563629,-0.9117594349204268,-0.5454964829077227,-0.28832816311755494,-0.07386304325992954
4.392550143266476,1.5014165204639123,1.1181435911678572,1.9094178870024632,0.01712524373988811,-1.045073319457184,0.8631808205452939,-0.19999784493006081,-0.01306393913715431,-1.1863334451967915,-0.3946867224320648,-0.355539018085899,-0.05132585151516054
4.412607449856734,1.4802276397279033,1.1353357818881187,1.9053360890689013,0.01685412845611837,-1.0762272804421278,0.8563993781274134,-0.20869947983217862,-0.014025961094759955,-1.9101819499331656,-0.28633457189580985,-0.5108160368556666,-0.0448379399006498
4.432664756446992,1.458278371737432,1.1524128775257334,1.9010507088107176,0.016565085145353924,-1.1207434923527555,0.8516151868915682,-0.22028166838037258,-0.014856026940071529,-2.5234646894058583,-0.19482003804320114,-0.643770352037914,-0.03813555931982631
4.45272206303725,1.4353232221663794,1.1694115122074793,1.8965085293079695,0.016260793696020272,-1.1764650089822555,0.848499988475199,-0.23430851466355818,-0.015550166435807167,-3.0316185734629153,-0.11929372376361425,-0.7554577796997864,-0.031250623977133254
4.472779369627507,1.4111587482307937,1.1863619247723038,1.8916648403957232,0.015944007018447687,-1.2413436223208147,0.8467425124579462,-0.25036523909200636,-0.016105047628773985,-3.4400805119524693,-0.05890623194622702,-0.8469341359084797,-0.024215048077014228
4.492836676217765,1.385621383924951,1.2032882985301718,1.8864830163376263,0.01561753827918939,-1.3134398625555568,0.8460484763616737,-0.2680581783973241,-0.016517976849867846,-3.754287414722496,-0.012808165480259426,-0.9192552367311391,-0.017060745823912243
4.5128939828080235,1.3585852652574149,1.2202091010209064,1.8809340934994812,0.015284248135339816,-1.3909229980705702,0.8461405856504636,-0.2870147856324593,-0.016786898714073534,-3.979676191621092,0.019849872745041353,-0.9734768982349244,-0.009819631422270932
4.532951289398281,1.329960055487096,1.2371374237730324,1.8749963480228162,0.014947031968852798,-1.4720710354469062,0.8467585337306094,-0.3068836301717079,-0.016910396120464688,-4.121683752496319,0.03991727984046012,-1.0106549364870099,-0.0025236190765333295
4.553008595988539,1.2996887703593218,1.2540813220626315,1.8686548734984643,0.014608807120859834,-1.5552707194625812,0.8476590019506235,-0.3273343977107068,-0.016887690252203838,-4.185747007196214,0.048243452916764795,-1.0318451675545628,0.004795377008857054
4.573065902578797,1.2677456033418761,1.2710441546721634,1.861901158640126,0.01427250012598824,-1.6390175330925691,0.8486156596012249,-0.3480578902664398,-0.016718640576542352,-4.177302865568813,0.04567778908474729,-1.0381034075047237,0.012105442629457022
4.593123209169055,1.234133750861088,1.2880249236493366,1.8547326649579552,0.01394103394667946,-1.7219156975088035,0.8494191639153599,-0.368766026177228,-0.01640374484482047,-4.101788237462216,0.03306968545516753,-1.0304854724046715,0.019374663580823237
4.613180515759312,1.1988832375378693,1.3050186140659368,1.847152404432122,0.013617315207507223,-1.8026781720801806,0.8498771600681856,-0.3891918401027396,-0.01594413909246729,-3.964640032724448,0.011268539138791667,-1.0100471783215719,0.026571125658512287
4.633237822349571,1.1620487414237863,1.3220165337766727,1.8391685171863903,0.01330422142949578,-1.880126654372558,0.8498142811770715,-0.4090894830239846,-0.015341597639000799,-3.7712951612035823,-0.01887625275359639,-0.9778443413225872,0.03366291465808092
4.6532951289398286,1.123707419237121,1.3390066531780258,1.8307938491616922,0.013004588264438158,-1.9531915801487534,0.8490721483016068,-0.4282342222433171,-0.014598533088027839,-3.5271905327476905,-0.05651529311123582,-0.9349327774748861,0.04061811637508577
4.673352435530086,1.0839567315989234,1.355973944967087,1.8220455297896947,0.012721196729214323,-2.020912123368547,0.8475093704435936,-0.446422441384435,-0.013717996327244112,-3.2377630572047913,-0.10079918482333383,-0.8823683028456175,0.04740481660508357
4.693409742120344,1.042912268269089,1.3729007239004143,1.8129445496663852,0.012456760440109488,-2.0824361961886826,0.8450015445470498,-0.46347164039237865,-0.01270367652843421,-2.9084496444229764,-0.15087853077914204,-0.8212067335019615,0.053991101143630954
4.713467048710602,1.0007055733823944,1.3897669865528548,1.8035153382256277,0.012213912847132228,-2.1370204489628586,0.8414412554982087,-0.4792204355335308,-0.011559901147471543,-2.5446872042502626,-0.20590393386785522,-0.7525038855110662,0.06034505578628468
4.73352435530086,0.9574819706845878,1.4065507510764168,1.7937853414127536,0.01199519446833281,-2.18403027024174,0.8367380761255196,-0.49352855939562046,-0.01029163592431845,-2.1519126465347416,-0.265025996978725,-0.6773155749401045,0.06643476632860135
4.7535816618911175,0.9133983887684232,1.423228396959089,1.7837845993581196,0.011803040124121339,-2.2229397867729483,0.8308185671996506,-0.5062768608877157,-0.008904484883026084,-1.7355628811244657,-0.3273953230009816,-0.5966976178562451,0.07222831856613762
4.773638968481376,0.8686211863097362,1.4397750047837015,1.7735453240506915,0.01163976617158601,-2.253331863501072,0.8236262774334779,-0.5173673052402312,-0.0074046903317344995,-1.301074817867475,-0.39216251482383413,-0.5117058303266386,0.07769379829445025
4.793696275071634,0.8233239773035037,1.4561646959867622,1.763101477011613,0.011507557738811347,-2.274898103567655,0.8151217434820999,-0.5267229740049235,-0.005799132862672588,-0.8538853666118342,-0.4584781753365128,-0.4233960284184555,0.08279929130909591
4.813753581661891,0.7776854562998952,1.4723709726172998,1.7524883469677754,0.01140845595919637,-2.287438848311205,0.8052824899428233,-0.5342880650548922,-0.00409533135215813,-0.3994314372055996,-0.5254929074282586,-0.33282402819886237,0.08751288340563121
4.83381088825215,0.7318872236403506,1.4883670570957195,1.7417421275254013,0.011344345205772901,-2.2908631772671955,0.7941030293551812,-0.5400278925845825,-0.0023014429605977688,0.05685006050317476,-0.5923573139882734,-0.24104564573501186,0.09180266037961293
4.853868194842407,0.6861116106936214,1.5041262319726316,1.7308994948436056,0.011316940325523708,-2.285188908168049,0.7815948622009108,-0.5439288871097792,-0.0004262631324870002,0.5095222166664239,-0.6582219979058159,-0.14911669709408493,0.09563670802659764
4.873925501432665,0.6405395050918461,1.519622179687706,1.7199971853079756,0.01132777387370077,-2.2705425969431627,0.7677864769039697,-0.545998595467613,0.001520774403589789,0.9531481214361044,-0.7222375620700845,-0.05809299834323234,0.09898311214214209
4.893982808022923,0.5953481759666035,1.5348293223285148,1.7090715732041433,0.011378183348143493,-2.2471595377188827,0.7527233498305357,-0.546265680816556,0.003529597634959372,1.382290864964144,-0.7835546093703201,0.030969634450379147,0.10180995852180294
4.914040114613181,0.5507090991849766,1.549723161389374,1.6981582483913569,0.01146929842359692,-2.2153837628185293,0.7364679452889904,-0.5447799226364274,0.005589496264859634,1.7915135374024906,-0.8413237426957565,0.11701538521958099,0.10408533296113684
4.934097421203439,0.5067857825856135,1.564280617530192,1.6872915939760553,0.01160202818602998,-2.1756680427623714,0.7190997155299419,-0.5416122167283843,0.007689121712439614,2.1753792289030933,-0.8946955649356099,0.19898843789721266,0.10577732125570051
4.954154727793696,0.4637315912147848,1.578480370335309,1.6765043639854404,0.011777048366953674,-2.128573886267646,0.7007151007462085,-0.5368545752149303,0.009816487112759474,2.528451029617904,-0.9428206789790892,0.2758329764161189,0.10685400920105066
4.974212034383955,0.4216875725624485,1.5923031980723437,1.6658272610410514,0.011994788577739331,-2.07477154024855,0.6814275290728267,-0.5306201265399118,0.011958967316790508,2.8452920296988564,-0.9848496877154549,0.3464931847091277,0.1072834825927439
4.9942693409742125,0.38078028179830925,1.6057323174510403,1.6552885140323363,0.012255419543936817,-2.0150399898162394,0.661367416587046,-0.5230431154685182,0.014103298891415143,3.1204653192978835,-1.0199331940339142,0.40991324670907225,0.10703382722633692
5.01432664756447,0.3411196070078786,1.6187537233821074,1.6449134557902263,0.012558840339592751,-1.9502669582788377,0.6406821673083272,-0.5142789030872841,0.01623558011942693,3.3485339885669445,-1.047221800823709,0.46503734634879734,0.10607312889738643
5.034383954154729,0.3027965944285347,1.6313565287360658,1.6347241007607076,0.012904665621568733,-1.8814489071414178,0.6195361731983606,-0.5045039668040836,0.01834127099953059,3.5240611276579745,-1.065866110974047,0.5108096675611272,0.10436947340144911
5.054441260744986,0.2658812736855869,1.6435333041020934,1.6247387226783971,0.013292212863859582,-1.8096910361060274,0.5981108141610356,-0.49391590034813726,0.02040519324634194,3.6416098267229216,-1.0750167273741653,0.5461743942789115,0.1018909465340816
5.074498567335244,0.23042048302833207,1.6552804175468672,1.614971432240113,0.013720489591911534,-1.736207283071665,0.5766044580424676,-0.4827334137700059,0.02241153029038795,3.695743175913729,-1.0738242529132904,0.5700757104349821,0.09860563409084061
5.0945558739255015,0.19643569456611942,1.6665983743734079,1.6054317547784485,0.014188180616940476,-1.6623203241342956,0.5552324606309842,-0.4711963334415965,0.024343827278106703,3.6810242653823426,-1.061439290480644,0.5814577999621733,0.09448162186728284
5.11461318051576,0.16392083950440606,1.6774921568799255,1.5961242079353455,0.014693635270250173,-1.5894615735868438,0.5342271656571258,-0.4595656020561596,0.026184991071847442,3.5920161852806984,-1.0370124429654624,0.5792648467933184,0.08948699565896484
5.134670487106018,0.1328401333808249,1.687971564118663,1.587047879335668,0.015234854637550478,-1.5191711839191933,0.5138379047936539,-0.4481232786282865,0.02791729024987054,3.423282025760752,-0.9996943132569562,0.5624410348612621,0.08358984126144356
5.154727793696275,0.10312590130123933,1.6980515516547419,1.5781960042607739,0.015809478793275572,-1.4530980458181917,0.4943309976555428,-0.43717253849391247,0.029522355106347476,3.16938487697443,-0.9486355042443861,0.5299305480988359,0.07675824447027536
5.174785100286534,0.07467640317580582,1.7077525713250035,1.5695555433220891,0.016414774034902168,-1.3929997881676481,0.4759897517999798,-0.42703767331031584,0.030981177651360887,2.8248878290736954,-0.8829866188169078,0.4806775704388784,0.06896029108101723
5.194842406876791,0.04735365895503696,1.717100910996856,1.5611067601346813,0.017047620117267754,-1.3407427780483308,0.4591144627263688,-0.4180640910561231,0.03227411161090454,2.3843539722104623,-0.8018982598638402,0.41362628581422456,0.06016406688922557
5.214899713467049,0.020981273865857908,1.7261290343271165,1.5528227989908312,0.017704497486888796,-1.2983021207379686,0.4440224138763358,-0.4106183160312942,0.03338087242688334,1.8423463965367048,-0.7045210302743641,0.32772087815769524,0.050337657690457255
5.234957020057307,-0.0046577363523279125,1.7348759205208597,1.544669262533608,0.018381474516278973,-1.267761659711255,0.43104787663370825,-0.40508798885714237,0.03428053725711332,1.1934281922043368,-0.590005532937738,0.2219055314021361,0.039449149280268714
5.255014326647565,-0.029823120211582843,1.7433874040902562,1.5366037894304394,0.0190741947382674,-1.2513139766398385,0.42054211032454925,-0.4018818664763149,0.03495154497532165,0.4321624493653715,-0.457502370743029,0.09512442948043542,0.027466627454217102
5.275071633237823,-0.05481706580609513,1.7517154205536314,1.5285752973204565,0.019777129536843657,-1.2504893675744093,0.41254276845807775,-0.4015249360803821,0.03515290027237903,-0.28420182202812533,-0.37323262349884734,-0.07057999158262075,-0.028775412360571507
5.29512893982808,-0.07991992382704405,1.759892986372365,1.5205190577178664,0.020468244835686992,-1.2615418824868094,0.40527895172370443,-0.40465757146222664,0.03366045502964738,-0.8078978753570921,-0.3536881872016708,-0.23816610613394934,-0.11823846225349995
5.315186246418339,-0.10534337230281365,1.7679289720325295,1.512368433231441,0.021112500204360406,-1.282291543524303,0.398374264232478,-0.4108752686021033,0.03051045272853381,-1.2545330690280074,-0.33729026153453456,-0.37930546213995814,-0.19463787020222806
5.335243553008596,-0.13126618863777084,1.775829942591923,1.5040669242598272,0.021679314529283712,-1.311234131563168,0.39176754203077413,-0.4196622500143484,0.02595776108771456,-1.6278072099847753,-0.32386222060009406,-0.49531382812481306,-0.25861414822753837
5.355300859598854,-0.15783780581519613,1.783601275154449,1.4955680835976801,0.0221430759488461,-1.3469394236185575,0.38540115368290473,-0.4305290535837827,0.020244437585450074,-1.931420105171236,-0.3132274385009479,-0.587506972612652,-0.310807808350213
5.3753581661891126,-0.18517979232006332,1.7912472295204749,1.4868349901282527,0.02248288564859778,-1.3880511928445054,0.3792210002711489,-0.44301253256570294,0.013599729459585307,-2.169071561531223,-0.30520928933962477,-0.6572006641275843,-0.3518593625910337
5.39541547277937,-0.21338733206181182,1.7987710188372006,1.4778397225159907,0.022682301656441785,-1.4332872085339214,0.37317651539571894,-0.45667585558589374,0.006240073707549497,-2.3444613860086045,-0.2996311472187596,-0.7057106711937766,-0.3824093229707828
5.415472779369628,-0.24253070429713386,1.8061748802489963,1.468562832899114,0.02272908263782547,-1.48143923611859,0.367220665174778,-0.4711085066406221,-0.0016309029136437564,-2.461289385547225,-0.2963163862408873,-0.7343527623353414,-0.4030982015102421
5.435530085959885,-0.27265676355274104,1.8134601455477894,1.4589928205822171,0.02261493169093239,-1.531373037169175,0.3613099482444455,-0.48592628509663616,-0.009822383887396448,-2.5232553670909317,-0.29508838050861463,-0.7444427060764225,-0.414566510230194
5.455587392550144,-0.30379041954814934,1.8206273118234018,1.4491256057288524,0.02233524014187387,-1.5820283693952177,0.35540439575878,-0.5007713056911693,-0.018156362937526316,-2.534059137583589,-0.29577050412451555,-0.737296270941163,-0.4174547611514202
5.4756446991404015,-0.33593611711845406,1.8276761121139153,1.438964003054123,0.021888831339880715,-1.632418986645135,0.34946757138979456,-0.5153119985319341,-0.026467644028266627,-2.497400503969037,-0.29818613119118176,-0.7142292254536926,-0.4124034662947032
5.495702005730659,-0.36907931613710754,1.8346055860560346,1.4285171955172733,0.02127770445249493,-1.6816326389062213,0.3434665713274465,-0.5292431090971284,-0.03460384136426635,-2.4169792731911386,-0.3021586358111872,-0.6765573381381493,-0.400053137680825
5.515759312320918,-0.4031879714386981,1.8414141505354378,1.4178002080142773,0.02050677826076135,-1.7288310723046478,0.33737202427964164,-0.5422856982354329,-0.04242537939059007,-2.2964952521937425,-0.3075113920871235,-0.6255963775186695,-0.381044287330567
5.535816618911175,-0.43821401274172134,1.8480996703371524,1.406833381070435,0.019583634954419428,-1.7732500291054651,0.3311580914722372,-0.55418714216601,-0.04980549279271808,-2.139648247920696,-0.31406777412154696,-0.5626621121193844,-0.3560174272647122
5.555873925501433,-0.47409482457137075,1.8546595287958842,1.3956418445329513,0.018518263927094762,-1.8141992477125957,0.32480246664903856,-0.5647211324785035,-0.05663022649654615,-1.950138067315855,-0.3216511560170652,-0.48907031046443716,-0.3256130695040419
5.575931232091691,-0.5107547261822984,1.8610906984464144,1.3842549912635413,0.017322805571490973,-1.8510624626688448,0.31828637607179555,-0.5736876761330435,-0.06279843566838592,-1.7316645173230771,-0.3300849118762663,-0.40613674107796616,-0.29047172606933885
5.595988538681949,-0.548106451481408,1.8673898116739238,1.3727059508310067,0.016011295074581218,-1.8832974046558908,0.31159457852021255,-0.5809130954602394,-0.06822178571496447,-1.4879274048862068,-0.33919241580170834,-0.3151771724840984,-0.2512339089813848
5.616045845272207,-0.586052628950622,1.8735532313643741,1.3610310632038338,0.014599406212799999,-1.91043580049429,0.3047153652919361,-0.5862500281611853,-0.07282475228342462,-1.2226265369490896,-0.34879704189597405,-0.21750737320697144,-0.20854013026096174
5.636103151862464,-0.6244872615696633,1.879577121554858,1.3492693524427846,0.013104195147234788,-1.9320833731434777,0.29764056020256424,-0.5895774273074574,-0.07654462126132487,-0.9394617204555917,-0.35872216426165693,-0.11444311177072475,-0.16303090192885175
5.656160458452723,-0.6632972067388341,1.8854575180839541,1.33746200039348,0.011543844218817729,-1.9479198417017622,0.2903655195856434,-0.590800561341114,-0.0793314887766392,-0.6421327623495525,-0.36879115700133625,-0.007300156699492355,-0.11534673600583668
5.67621776504298,-0.7023636562017876,1.8911903992421055,1.3256518203790009,0.009937405743517359,-1.957698921406334,0.2828891322926692,-0.5898510140746978,-0.08114826119775742,-0.3343394695748394,-0.3788273942175806,0.10260572348258723,-0.06612814451269955
5.696275071633238,-0.741563615968315,1.8967717564219466,1.3138827308924663,0.008304545807530199,-1.9612483236332565,0.27521381969308045,-0.5866866846912324,-0.08197065513348482,-0.019781649075288676,-0.3886542500129977,0.2139587602513764,-0.016015639470221256
5.7163323782234965,-0.780771386237112,1.902197664768695,1.3021992292896354,0.006665288062472583,-1.9584697558974733,0.26734553567427,-0.5812917877442263,-0.0817871974330425,0.297840892205234,-0.3980950984901561,0.32544318508274195,0.03435026710081562
5.736389684813754,-0.8198600413185662,1.907464353830488,1.2906458654814887,0.00503975752057222,-1.9493389218528003,0.2592937666415782,-0.573676853157667,-0.08059922518606705,0.6148283473228915,-0.4069733137516245,0.4357432294525525,0.08432906317962877
5.756446991404012,-0.858702909557528,1.91256827820875,1.2792667156268231,0.0034479243498599377,-1.9339055212919354,0.2510715315182921,-0.5638787262260285,-0.07842088572261079,0.9274809093338212,-0.4151122698999963,0.5435431248366633,0.13328023674543651
5.77650429799427,-0.8971750532560914,1.9175061882085522,1.2681048558248422,0.0019093476693613667,-1.9122932501464522,0.24269538174564786,-0.5519605676142665,-0.07527913661314162,1.2320987712941678,-0.4223353410378756,0.6475271027109413,0.1805632757774564
5.796561604584528,-0.9351547485963703,1.9222752004889707,1.2572018358077444,0.0004429193442886249,-1.8846998004868,0.23418540128283105,-0.5380118533578186,-0.07121374566854317,1.524982126260093,-0.42846590126780626,0.7463793945512505,0.2255376682549071
5.8166189111747855,-0.9725249655632764,1.926872868713442,1.2465971526333153,-0.000933392218768008,-1.8513968605223046,0.22556520660697288,-0.5221483748626046,-0.06627729094011454,1.8024311672877387,-0.4333273246923639,0.8387842318334622,0.2675629021570059
5.836676217765043,-1.0091748478672968,1.9312972542001257,1.2363277243775164,-0.002202798276648379,-1.8127301146011718,0.21686194671315562,-0.5045122389050287,-0.06053516071957071,2.060746087433249,-0.43674298541417755,0.9234258460334299,0.3059984654629707
5.856733524355302,-1.0450011928672716,1.9355469965722643,1.2264273638270775,-0.003349945954430793,-1.7691192432104825,0.20810630311440903,-0.48527186763197694,-0.0540655535390421,2.296227079752774,-0.43853625753579095,0.9989884686270196,0.3402038461520196
5.876790830945559,-1.079909931493171,1.9396213844085377,1.2169262521720854,-0.004361174450240331,-1.7210579229761955,0.19933248984170682,-0.46462199856081865,-0.046959478171074875,2.5051743373024604,-0.43853051515981356,1.0641563310900959,0.36953853220337074
5.896848137535817,-1.113817608168873,1.9435204258934276,1.2078504126985736,-0.005224771240057142,-1.669113826663145,0.19057825344398438,-0.4427836845794051,-0.0393207536286308,2.683888053138457,-0.43654913238880244,1.117613664898523,0.39336201159624173
5.916905444126075,-1.146652860734942,1.9472449194675718,1.1992211844811158,-0.0059312282825247755,-1.6139286231750434,0.18188487298810507,-0.42000429394607064,-0.0312660091650873,2.8286684203169155,-0.4324154833253504,1.1580447015281667,0.41103377230985044
5.936962750716333,-1.178357900371404,1.9507965244781258,1.1910546960754123,-0.006473498223758471,-1.5562179775544793,0.17329716005890106,-0.39655751028963193,-0.022924684274237425,2.9358156318939783,-0.4259529420720347,1.184133672454891,0.4219133023234151
5.957020057306591,-1.208889991520527,1.9541778318291207,1.1833613392108828,-0.0068472506021535085,-1.4967715509829211,0.16486345875913955,-0.37274333260938963,-0.014439028690289858,3.0016298809258,-0.4169848827314375,1.194564809154559,0.4253600896161536
5.977077363896848,-1.2382229318095956,1.957392434631822,1.176145242483257,-0.007051128053193475,-1.4364530007807113,0.15663564570954058,-0.3488880752751258,-0.005964102387869,3.0224113604685217,-0.4053346794061561,1.188022343103027,0.4207336221672838
5.997134670487107,-1.2663485319736913,1.9604449988550905,1.1694037450471635,-0.007087002514258616,-1.3761999804070695,0.14866913004877347,-0.32534436802710553,0.002332224417985185,2.994460263578296,-0.3908257061987399,1.1631905057761731,0.4073933879560237
6.017191977077364,-1.2932780957784684,1.9633413339757388,1.16312687030872,-0.006960231429434126,-1.3170241394600934,0.14102285343345677,-0.3024911559760759,0.010269271271817097,2.9140767833112715,-0.3732813372117789,1.1187535286498527,0.38469887496159094
6.037249283667622,-1.319043899942932,1.9660884636288913,1.1572967996181256,-0.006679913954318472,-1.2600111236767586,0.13375929003814946,-0.28073369960326966,0.017653547477755462,2.7775611127235944,-0.352524946547895,1.0533956431999325,0.35200957116320386
6.05730659025788,-1.3437006740622146,1.968694696258344,1.15188734596225,-0.0062591471608317,-1.2063205749329158,0.12694444655536952,-0.2605035747603981,0.024278752099513367,2.581213444871411,-0.32837990830961417,0.9658010809022706,0.3086849645400801
6.077363896848138,-1.3673270805303557,1.971169695766922,1.1468634276572227,-0.005715282242023753,-1.1571861312432934,0.12064786219557977,-0.24225867266965828,0.02992577396038827,2.321333972810871,-0.3006695965995547,0.8546540732327443,0.2540845430714378
6.097421203438396,-1.3900271944630778,1.9735245521668388,1.1421805420410251,-0.005070180716882774,-1.1139154267614977,0.11494260868718209,-0.22648319992372956,0.034362691643262014,1.9942228895981167,-0.2692173855203066,0.7186388516671904,0.18756779473649438
6.117478510028654,-1.4119319836205637,1.9757718522300571,1.1377842391660806,-0.004350470635143441,-1.0778900917800105,0.10990529027654716,-0.2136876784857713,0.0373447734906007,1.596180388289305,-0.2338466491743958,0.5564396476815041,0.10849420751446859
6.137535816618912,-1.4332007883302353,1.9779257501386436,1.133609595491844,-0.0035878027820952507,-1.0505657527301921,0.10561604372797151,-0.2044089456894304,0.03861447760445488,1.1235066619405885,-0.19438076166444773,0.3667406927515344,0.016223269384577854
6.157593123209169,-1.4540099448077348,1.9799999423438446,1.1295783068549077,-0.0028188886131212208,-1.0308661660858718,0.10173961663893728,-0.19966100302315642,0.03795487754192591,0.9291816629310687,-0.20643915772551136,0.09485372587178253,-0.08015627369497869
6.177650429799427,-1.474446396814927,1.9819916455394555,1.1255862364555715,-0.0020815920936620475,-1.0130131028137153,0.09734466967504135,-0.20040316701522323,0.03549717529439564,0.8589439883826439,-0.23225312060172948,-0.16231872020467303,-0.16344653755483993
6.1977077363896855,-1.4945387245823856,1.983890603981692,1.1215305554344728,-0.0014092512375048264,-0.9963990776745528,0.0924807907879652,-0.20589037856748285,0.031501606383728634,0.805105645236427,-0.2533722375128471,-0.37998517670199355,-0.23404824981527508
6.217765042979943,-1.5143084978882486,1.9856883620462935,1.1173241303797015,-0.000830127791515055,-0.9807064363040492,0.08723948364886627,-0.21535256668161887,0.0262156232535162,0.7666334071216381,-0.2700358332735111,-0.5601505229467516,-0.2925932693160058
6.237822349570201,-1.5337711400686411,1.987378246317463,1.1128948283234488,-0.00036766082545434785,-0.965638188865283,0.08170746543260257,-0.22805975794584538,0.01987404117055519,0.7424940476675143,-0.28248323269815323,-0.7048196382654803,-0.3397134548967535
6.257879656160459,-1.5529363413082236,1.9889552698579376,1.1081847147902768,-4.071947551632785e-05,-0.9509180100487498,0.07596666681774764,-0.24332207653490784,0.012699038224848082,0.7316543405032591,-0.2909537606015915,-0.8159974019847809,-0.37604066539723974
6.277936962750717,-1.5718084719307406,1.990416036479063,1.1031492518453865,0.00013614431213748696,-0.9362902390723594,0.07009423198658266,-0.2604897442100833,0.004900155329602871,0.7330810592581153,-0.29568674179821297,-0.8956886934311556,-0.40220675965718616
6.2979942693409745,-1.5903869956895695,1.991758645010866,1.0977564961428892,0.00015244303784179582,-0.9215198796814371,0.0641625186250977,-0.2789530803191785,-0.0033257037787669005,0.7457409775612964,-0.2969215011026769,-0.9458983919312038,-0.41884359651631403
6.318051575931233,-1.6086668830582682,1.9929825935721301,1.091986296974073,1.5009048916216582e-06,-0.9063926001487246,0.05823909792299464,-0.2981425017965319,-0.011794272540642043,0.7686008690420281,-0.29489736332956085,-0.9686313768114712,-0.42658303481434523
6.338108882521491,-1.626639024521123,1.994088683840471,1.0858294943156754,-0.00031979892399356974,-0.8907147332743783,0.05238675457367181,-0.3175285231630147,-0.020333921573197834,0.8006275073295344,-0.2898536532934237,-0.9658925273984993,-0.42605693339100087
6.358166189111748,-1.6442906438636984,1.995078925322407,1.0792871168781504,-0.0008112670702057679,-0.8743132763859702,0.04666348677424503,-0.336621756526027,-0.028785658670404005,0.8407876660530376,-0.2820296958088555,-0.9396867230188652,-0.41789715108600245
6.378223495702006,-1.6616057114633833,1.9959564396234453,1.07236958015394,-0.0014696606827842922,-0.8570358913384895,0.04112250622554292,-0.354972911579501,-0.0370031288030247,0.888048118841763,-0.27166481569042844,-0.8920188429991169,-0.40273554673907214
6.398280802292264,-1.6785653575799422,1.9967253647181291,1.065095884465739,-0.0022889361819517003,-0.8387509045143375,0.03581223813209111,-0.3721727956039003,-0.04485261411861846,0.9413756393249344,-0.2589983377527467,-0.8248937666658138,-0.38120397918993043
6.418338108882522,-1.69514828564606,1.9973907592201496,1.0574928130147723,-0.003260502002649659,-0.8193473068233349,0.030776321202131918,-0.38785231346621946,-0.05221303394153834,0.9997370011317761,-0.2442695868103577,-0.7403163733455065,-0.3539343072782997
6.43839541547278,-1.7113311855578934,1.9979585066523846,1.0495941299290563,-0.004373471338074837,-0.7987347537027149,0.026053607647611443,-0.4016824676199836,-0.0589759447729317,1.0620989778915102,-0.22771788767786205,-0.6402915423647588,-0.32155838984390117
6.458452722063038,-1.7270891469656175,1.9984352197169946,1.0414397783116716,-0.0056149148832148,-0.7768435651171278,0.02167816318418847,-0.4133743581052496,-0.06504554029074044,1.1274283432333625,-0.20958256516981422,-0.5268241530501241,-0.28470808572645645
6.478510028653296,-1.7423960725639747,1.998828144565489,1.033075078289034,-0.006970113578383903,-0.7536247255586394,0.017679267031225354,-0.42267918254860604,-0.07033865134970091,1.194691870786553,-0.19010294410083617,-0.4019190847281653,-0.24401525376568683
6.498567335243553,-1.7572250913828227,1.9991450650687979,1.024549925059161,-0.008422811352759149,-0.7290498840467294,0.01408141191179757,-0.42938823616317046,-0.07478474598134367,1.2628563341803096,-0.1695183492854646,-0.26758121672542945,-0.20011175280131369
6.518624641833811,-1.7715489720776825,1.999394207087362,1.0159179869399435,-0.009955467867916127,-0.7031113541282961,0.010904304052687053,-0.43333291174859456,-0.07832592939399408,1.3308885070438548,-0.14806810553829663,-0.12581542836848136,-0.15362944167305925
6.5386819484240695,-1.7853405362202885,1.9995841427411771,1.007235903417412,-0.011549511261364845,-0.6758221138776498,0.008162863184381308,-0.43438469969105875,-0.08091694397277152,1.397755163006411,-0.12599153767391513,0.021373401016125726,-0.10520017922064406
6.558739255014327,-1.7985730715891344,1.999723694679902,0.998562483194011,-0.013185590890085683,-0.6472158058965191,0.005867222541080075,-0.4324551879632761,-0.08252516927959014,1.462423075697203,-0.10352797050689944,0.17198039210183058,-0.055455824283790534
6.578796561604585,-1.8112207454600227,1.9998218403529062,0.9899579022368631,-0.014843830074065208,-0.6173467373140465,0.004022728860691771,-0.427496062124489,-0.08313062205315833,1.5238590187454542,-0.08091672885182888,0.32400066556208085,-0.005028235702219774
6.598853868194843,-1.823259017896613,1.9998876162793593,0.9814829018260415,-0.01650407883983212,-0.5862898797867909,0.002629942384830386,-0.4194991053204724,-0.08272595620897898,1.581029765780388,-0.0583971375232899,0.4754293420703135,0.04545072768434666
6.618911174785101,-1.834665055040971,1.9999300223182979,0.9731979866028388,-0.018146166663993116,-0.5541408694987264,0.0016846368588199212,-0.4084961982835338,-0.08131646283934933,1.632902090431229,-0.03620852133584407,0.6242615422999789,0.09534920703618732
6.638968481375358,-1.8454181424041152,1.9999579259387037,0.965162622618036,-0.01975015521676879,-0.5210160071612424,0.0011777995316917256,-0.39455931933250854,-0.07892007021336123,1.6784427663272015,-0.014590205104067167,0.7684923869245202,0.1440353435135807
6.659025787965617,-1.8555000981565657,1.999979966489576,0.9574344353801717,-0.02129659110552951,-0.4870522580131439,0.0010956311561898247,-0.37780054437276456,-0.07556734377690069,1.7166185670975274,0.006218486357454367,0.9061169966173779,0.19087727827680498
6.679083094555875,-1.864895686418894,2.000004459470004,0.9500684079038125,-0.0227667586183313,-0.45240725182065217,0.001419545988758486,-0.35837204689620195,-0.07130148615264842,1.7463962663714316,0.025978228234126988,1.035130492051994,0.23524315248613917
6.699140401146132,-1.8735930305522692,2.000039300799247,0.9431160787578213,-0.024142932467451764,-0.4172592828774029,0.002126171789559095,-0.3364660979812515,-0.06617833714007941,1.7667426377781374,0.044449695711360704,1.1535279939018053,0.2765011073018616
6.71919770773639,-1.8815840264490078,2.0000918710867994,0.936624740113627,-0.025408630532925927,-0.3818073100044481,0.00318734982245239,-0.3123150662928733,-0.0602663737154631,1.7766244549468684,0.06139356397460105,1.2593046228402645,0.31401928388425027
6.739255014326648,-1.8888647558231213,2.0001689399024745,0.9306366357934943,-0.026548866606082164,-0.3462709565502548,0.00457013485501534,-0.286191418082562,-0.053646710031863366,1.7750084915068491,0.07657050820927047,1.3504554995408142,0.3471658233935841
6.759312320916906,-1.8954358995008649,2.0002765700464717,0.9251881593187923,-0.027550403133078067,-0.31089051039070587,0.006236795158535813,-0.25840771718833944,-0.04641309741913855,1.7608615210873027,0.08974120360076832,1.4249757446768907,0.37530886699014165
6.7793696275071635,-1.901303150711285,2.0004200218194557,0.9203090519582648,-0.028402003958436343,-0.2759269239290995,0.008144812507998367,-0.2293166250347607,-0.03867192438394135,1.7331503173174532,0.10066632533455788,1.4808604789219482,0.397816555834201
6.799426934097422,-1.906477628376769,2.000603657292622,0.9160216007762987,-0.02909468706858068,-0.24166181409614967,0.010246882182100236,-0.1993109006329128,-0.03054221660971894,1.6908416538265236,0.10910654859600843,1.5161048229494158,0.4140570310860412
6.81948424068768,-1.910976290403592,2.000830844577786,0.9123398366811943,-0.029621977335371676,-0.2083974623499856,0.012490912963258438,-0.16882340058041256,-0.022155636956712972,1.6329023042437387,0.11482254857056073,1.5287038974327454,0.4233984339059403
6.839541547277937,-1.9148223469724666,2.00110386209744,0.9092687324734339,-0.029980159259642685,-0.17645681467615237,0.014820027137581349,-0.13832707906140884,-0.013656485461959453,1.5582990421983214,0.117575000443642,1.5166528230453808,0.4252089054541767
6.859598853868196,-1.9180456738290896,2.0014238028548412,0.9068034008939515,-0.030168529714735746,-0.14618348158761027,0.017172560494893574,-0.10833498784658069,-0.005201699339288823,1.4659986413194963,0.11712457940067011,1.4779467204607588,0.41885658689102934
6.879656160458453,-1.9206832255746915,2.001790478704078,0.9049282926724028,-0.030189650690037442,-0.11794173812473502,0.019482062328739502,-0.07940027629313828,0.0030391470206739823,1.3549678752364867,0.11323196062707197,1.4105807103523311,0.4037096193767762
6.899713467048711,-1.9227794489565846,2.002202324620148,0.9036163945754334,-0.030049602034514795,-0.09211652385531838,0.021677295436342447,-0.05211619134482448,0.010883842050509691,1.2241735175785151,0.10565781930819185,1.3125499133935223,0.3791361440716966
6.919770773638969,-1.9243866961587113,2.0026563029690294,0.9028284274549487,-0.029758234200251164,-0.06911344287456714,0.023682236118665045,-0.027116077531911698,0.018137537006004525,1.0725823419748073,0.09416283062959252,1.1818494502578005,0.3445043021360679
6.939828080229227,-1.925565638092192,2.003147807777756,0.9025120442963838,-0.02932942098598211,-0.049358763805103706,0.025416074180363957,-0.005073376971203247,0.024592745966150326,0.8991611220545859,0.07850766977662005,1.0164744416186018,0.2991822347301688
6.959885386819485,-1.9263856776858739,2.0036705690044947,0.9026010282669717,-0.028781312280631334,-0.033299419796966295,0.026793212929804078,0.013298370633964884,0.030029345833144438,0.7028766314470747,0.05845301193467378,0.8144200081493551,0.24253808301427865
6.979942693409742,-1.9269253631768786,2.004216556808613,0.9030144907640144,-0.02813658680684651,-0.021403008527608382,0.027723269179060317,0.02724552799372615,0.03421457633238984,0.4826956437814971,0.03375953228913886,0.5736812705235081,0.17393998814867573
7.0,-1.927272801401152,2.0047758858207603,0.9036560694631504,-0.0274227048645352,-0.014157792201899059,0.028111073243917595,0.03597436023168454,0.03690304001249506,0.23758493268707892,0.004187906025563848,0.2922533494145192,0.0927560912936376
